Date,datetimeEpoch,temp,feelslike,humidity,dew,precip,precipprob,snow,snowdepth,preciptype,windgust,windspeed,winddir,pressure,visibility,cloudcover,solarradiation,solarenergy,uvindex,severerisk,conditions,icon,stations,source,tzoffset
2025-03-27 00:00:00,1743030000,4.8,4.8,81.76,1.9,0.0,0.0,0.0,0.0,,11.9,3.7,237.0,1017.0,8.4,60.3,0.0,0.0,0.0,10.0,Partially cloudy,partly-cloudy-night,"['12575099999', 'EPRZ', '12670099999', '12690099999', '12580099999', '12695099999']",obs,
2025-03-27 01:00:00,1743033600,4.2,2.9,85.83,2.0,0.0,0.0,0.0,0.0,,9.7,5.7,333.0,1016.9,8.1,30.8,0.0,0.0,0.0,10.0,Partially cloudy,partly-cloudy-night,"['12575099999', 'EPRZ', '12670099999', '12690099999', '12580099999', '12695099999']",obs,
2025-03-27 02:00:00,1743037200,3.9,3.9,87.2,2.0,0.0,0.0,0.0,0.0,,12.6,4.7,232.0,1017.6,8.1,80.2,0.0,0.0,0.0,10.0,Partially cloudy,partly-cloudy-night,"['12575099999', 'EPRZ', '12670099999', '12690099999', '12580099999', '12695099999']",obs,
2025-03-27 03:00:00,1743040800,5.1,1.9,87.68,3.2,0.0,0.0,0.0,0.0,,12.2,15.3,260.0,1016.9,8.0,90.0,0.0,0.0,0.0,10.0,Partially cloudy,partly-cloudy-night,"['12575099999', 'EPRZ', '12670099999', '12690099999', '12580099999', '12695099999']",obs,
2025-03-27 04:00:00,1743044400,5.6,3.3,88.42,3.9,0.0,0.0,0.0,0.0,,13.3,10.9,265.0,1017.5,5.1,90.1,0.0,0.0,0.0,10.0,Overcast,cloudy,"['12575099999', 'EPRZ', '12670099999', '12690099999', '12580099999', '12695099999']",obs,
2025-03-27 05:00:00,1743048000,6.8,4.7,87.97,5.0,0.0,0.0,0.0,0.0,,16.2,10.9,274.0,1017.7,5.1,93.6,0.0,0.0,0.0,10.0,Overcast,cloudy,"['12575099999', 'EPRZ', '12670099999', '12690099999', '12580099999', '12695099999']",obs,
2025-03-27 06:00:00,1743051600,6.9,4.8,88.0,5.1,0.0,0.0,0.0,0.0,,19.4,10.9,299.0,1018.4,6.0,93.6,7.6,0.0,0.0,10.0,Overcast,cloudy,"['12575099999', 'EPRZ', '12670099999', '12690099999', '12580099999', '12695099999']",obs,
2025-03-27 07:00:00,1743055200,7.1,5.0,87.22,5.1,0.001,100.0,0.0,0.0,['rain'],14.2,10.8,314.0,1018.7,6.0,93.8,43.6,0.2,0.0,10.0,"Rain, Overcast",rain,"['12575099999', 'EPRZ', '12670099999', '12690099999', '12580099999', '12695099999']",obs,
2025-03-27 08:00:00,1743058800,7.8,5.8,87.27,5.8,0.0,0.0,0.0,0.0,,23.8,10.9,310.0,1018.8,5.9,93.8,46.2,0.2,0.0,10.0,Overcast,cloudy,"['12575099999', 'EPRZ', '12670099999', '12690099999', '12580099999', '12695099999']",obs,
2025-03-27 09:00:00,1743062400,8.1,5.8,81.13,5.1,0.0,0.0,0.0,0.0,,23.0,13.5,320.0,1019.4,9.8,93.8,115.2,0.4,1.0,10.0,Overcast,cloudy,"['12575099999', 'EPRZ', '12670099999', '12690099999', '12580099999', '12695099999']",obs,
2025-03-27 10:00:00,1743066000,9.0,6.6,75.59,4.9,0.0,0.0,0.0,0.0,,23.8,15.3,315.0,1019.3,12.0,89.2,145.3,0.5,1.0,10.0,Partially cloudy,partly-cloudy-day,"['12575099999', 'EPRZ', '12670099999', '12690099999', '12580099999', '12695099999']",obs,
2025-03-27 11:00:00,1743069600,9.6,7.8,68.28,4.1,0.0,0.0,0.0,0.0,,27.0,12.5,331.0,1019.3,14.4,93.8,263.1,0.9,3.0,10.0,Overcast,cloudy,"['12575099999', 'EPRZ', '12670099999', '12690099999', '12580099999', '12695099999']",obs,
2025-03-27 12:00:00,1743073200,10.2,10.2,67.27,4.4,0.0,0.0,0.0,0.0,,27.7,10.9,321.0,1019.2,19.0,93.8,357.5,1.3,4.0,10.0,Overcast,cloudy,"['12575099999', 'EPRZ', '12670099999', '12690099999', '12580099999', '12695099999']",obs,
2025-03-27 13:00:00,1743076800,10.9,10.9,63.92,4.4,0.0,0.0,0.0,0.0,,26.3,9.9,337.0,1018.5,19.1,93.8,200.5,0.7,2.0,10.0,Overcast,cloudy,"['12575099999', 'EPRZ', '12670099999', '12690099999', '12580099999', '12695099999']",obs,
2025-03-27 14:00:00,1743080400,10.9,10.9,63.19,4.1,0.0,0.0,0.0,0.0,,23.0,11.8,342.0,1018.4,19.2,93.8,150.9,0.5,2.0,10.0,Overcast,cloudy,"['12575099999', 'EPRZ', '12670099999', '12690099999', '12580099999', '12695099999']",obs,
2025-03-27 15:00:00,1743084000,10.9,10.9,60.33,3.5,0.0,0.0,0.0,0.0,,22.3,11.9,360.0,1018.3,19.3,93.6,148.3,0.5,1.0,10.0,Overcast,cloudy,"['12575099999', 'EPRZ', '12670099999', '12690099999', '12580099999', '12695099999']",obs,
2025-03-27 16:00:00,1743087600,10.8,10.8,59.36,3.2,0.0,0.0,0.0,0.0,,21.6,10.8,347.0,1018.4,19.4,99.9,106.1,0.4,1.0,10.0,Overcast,cloudy,"['12575099999', 'EPRZ', '12670099999', '12690099999', '12580099999', '12695099999']",obs,
2025-03-27 17:00:00,1743091200,10.0,10.0,65.33,3.8,0.0,0.0,0.0,0.0,,20.2,10.8,360.0,1018.4,19.5,99.5,51.1,0.2,1.0,10.0,Overcast,cloudy,"['12575099999', 'EPRZ', '12670099999', '12690099999', '12580099999', '12695099999']",obs,
2025-03-27 18:00:00,1743094800,9.8,8.9,63.0,3.1,0.0,0.0,0.0,0.0,,15.1,7.3,5.0,1018.5,19.5,99.7,12.3,0.0,0.0,10.0,Overcast,cloudy,"['12575099999', 'EPRZ', '12670099999', '12690099999', '12580099999', '12695099999']",obs,
2025-03-27 19:00:00,1743098400,8.7,7.6,66.9,2.9,0.0,0.0,0.0,0.0,,14.4,7.5,5.0,1018.6,19.3,94.5,0.0,0.0,0.0,10.0,Overcast,cloudy,"['12575099999', 'EPRZ', '12670099999', '12690099999', '12580099999', '12695099999']",obs,
2025-03-27 20:00:00,1743102000,6.8,5.5,75.66,2.8,0.0,0.0,0.0,0.0,,20.5,7.3,341.0,1018.8,19.2,28.2,0.0,0.0,0.0,10.0,Partially cloudy,partly-cloudy-night,"['12575099999', 'EPRZ', '12670099999', '12690099999', '12580099999', '12695099999']",obs,
2025-03-27 21:00:00,1743105600,4.7,3.4,83.27,2.1,0.0,0.0,0.0,0.0,,20.9,5.8,2.0,1019.6,19.3,5.7,0.0,0.0,0.0,10.0,Clear,clear-night,"['12575099999', 'EPRZ', '12670099999', '12690099999', '12580099999', '12695099999']",obs,
2025-03-27 22:00:00,1743109200,4.1,4.1,86.37,2.0,0.0,0.0,0.0,0.0,,20.2,4.6,16.0,1019.8,19.2,5.7,0.0,0.0,0.0,10.0,Clear,clear-night,"['12575099999', 'EPRZ', '12670099999', '12690099999', '12580099999', '12695099999']",obs,
2025-03-27 23:00:00,1743112800,3.9,2.4,87.49,2.0,0.0,0.0,0.0,0.0,,18.4,6.2,27.0,1019.8,10.3,89.1,0.0,0.0,0.0,10.0,Partially cloudy,partly-cloudy-night,"['12575099999', 'EPRZ', '12670099999', '12690099999', '12580099999', '12695099999']",obs,
2025-03-28 00:00:00,1743116400,4.3,2.5,86.79,2.3,0.0,0.0,0.0,0.0,,17.3,7.4,12.0,1019.7,10.3,99.9,0.0,0.0,0.0,10.0,Overcast,cloudy,"['12575099999', 'EPRZ', '12670099999', '12690099999', '12580099999', '12695099999']",obs,
2025-03-28 01:00:00,1743120000,4.8,2.8,86.89,2.8,0.0,0.0,0.0,0.0,,19.4,8.3,26.0,1019.5,10.3,64.4,0.0,0.0,0.0,10.0,Partially cloudy,partly-cloudy-night,"['12575099999', 'EPRZ', '12670099999', '12690099999', '12580099999', '12695099999']",obs,
2025-03-28 02:00:00,1743123600,3.1,1.1,93.39,2.2,0.0,0.0,0.0,0.0,,19.8,7.5,30.0,1018.9,10.3,68.9,0.0,0.0,0.0,10.0,Partially cloudy,partly-cloudy-night,"['12575099999', 'EPRZ', '12670099999', '12690099999', '12580099999', '12695099999']",obs,
2025-03-28 03:00:00,1743127200,3.1,0.6,92.58,2.0,0.0,0.0,0.0,0.0,,20.9,9.3,32.0,1018.7,10.1,27.6,0.0,0.0,0.0,10.0,Partially cloudy,partly-cloudy-night,"['12575099999', 'EPRZ', '12670099999', '12690099999', '12580099999', '12695099999']",obs,
2025-03-28 04:00:00,1743130800,2.1,2.1,92.93,1.1,0.0,0.0,0.0,0.0,,20.9,3.1,51.0,1018.7,10.0,50.5,0.0,0.0,0.0,10.0,Partially cloudy,partly-cloudy-night,"['12575099999', 'EPRZ', '12670099999', '12690099999', '12580099999', '12695099999']",obs,
2025-03-28 05:00:00,1743134400,2.1,-0.3,97.82,1.8,0.0,0.0,0.0,0.0,,21.2,8.4,37.0,1018.7,9.9,11.2,0.0,0.0,0.0,10.0,Clear,clear-night,"['12575099999', 'EPRZ', '12670099999', '12690099999', '12580099999', '12695099999']",obs,
2025-03-28 06:00:00,1743138000,2.1,-1.0,93.91,1.2,0.0,0.0,0.0,0.0,,23.4,10.9,22.0,1018.7,9.9,12.1,12.3,0.0,0.0,10.0,Clear,clear-day,"['12575099999', 'EPRZ', '12670099999', '12690099999', '12580099999', '12695099999']",obs,
2025-03-28 07:00:00,1743141600,4.1,1.3,88.88,2.4,0.0,0.0,0.0,0.0,,14.7,11.2,36.0,1018.4,10.0,14.6,93.3,0.3,1.0,10.0,Clear,clear-day,"['12575099999', 'EPRZ', '12670099999', '12690099999', '12580099999', '12695099999']",obs,
2025-03-28 08:00:00,1743145200,6.9,3.4,81.46,4.0,0.0,0.0,0.0,0.0,,34.9,21.6,70.0,1017.7,12.2,29.2,236.7,0.9,2.0,10.0,Partially cloudy,partly-cloudy-day,"['12575099999', 'EPRZ', '12670099999', '12690099999', '12580099999', '12695099999']",obs,
2025-03-28 09:00:00,1743148800,8.0,4.4,76.72,4.1,0.0,0.0,0.0,0.0,,39.6,25.1,95.0,1017.5,14.5,33.3,366.5,1.3,4.0,10.0,Partially cloudy,partly-cloudy-day,"['12575099999', 'EPRZ', '12670099999', '12690099999', '12580099999', '12695099999']",obs,
2025-03-28 10:00:00,1743152400,9.8,7.1,71.43,4.9,0.0,0.0,0.0,0.0,,28.8,20.8,104.0,1016.6,14.5,28.8,486.0,1.7,5.0,10.0,Partially cloudy,partly-cloudy-day,"['12575099999', 'EPRZ', '12670099999', '12690099999', '12580099999', '12695099999']",obs,
2025-03-28 11:00:00,1743156000,11.0,11.0,68.92,5.5,0.0,0.0,0.0,0.0,,36.0,15.5,105.0,1016.4,14.6,28.8,537.6,1.9,5.0,10.0,Partially cloudy,partly-cloudy-day,"['12575099999', 'EPRZ', '12670099999', '12690099999', '12580099999', '12695099999']",obs,
2025-03-28 12:00:00,1743159600,13.1,13.1,62.45,6.1,0.0,0.0,0.0,0.0,,36.1,19.3,90.0,1015.4,14.6,37.9,515.4,1.9,5.0,10.0,Partially cloudy,partly-cloudy-day,"['12575099999', 'EPRZ', '12670099999', '12690099999', '12580099999', '12695099999']",obs,
2025-03-28 13:00:00,1743163200,14.9,14.9,55.79,6.1,0.0,0.0,0.0,0.0,,43.1,25.3,100.0,1014.4,19.3,64.4,521.7,1.9,5.0,10.0,Partially cloudy,partly-cloudy-day,"['12575099999', 'EPRZ', '12670099999', '12690099999', '12580099999', '12695099999']",obs,
2025-03-28 14:00:00,1743166800,14.0,14.0,59.07,6.1,0.0,0.0,0.0,0.0,,43.3,28.8,105.0,1014.2,19.4,42.4,448.8,1.6,4.0,10.0,Partially cloudy,partly-cloudy-day,"['12575099999', 'EPRZ', '12670099999', '12690099999', '12580099999', '12695099999']",obs,
2025-03-28 15:00:00,1743170400,15.0,15.0,51.19,5.0,0.0,0.0,0.0,0.0,,47.9,33.5,100.0,1013.0,10.0,25.0,431.1,1.6,4.0,10.0,Partially cloudy,partly-cloudy-day,['EPRZ'],obs,
2025-03-28 16:00:00,1743174000,14.8,14.8,52.8,5.3,0.0,0.0,0.0,0.0,,43.0,28.7,105.0,1012.5,19.6,56.2,333.5,1.2,3.0,10.0,Partially cloudy,partly-cloudy-day,"['12575099999', 'EPRZ', '12670099999', '12690099999', '12580099999', '12695099999']",obs,
2025-03-28 17:00:00,1743177600,13.9,13.9,54.99,5.0,0.0,0.0,0.0,0.0,,38.6,24.6,95.0,1012.3,19.7,90.0,170.6,0.6,2.0,10.0,Partially cloudy,partly-cloudy-day,"['12575099999', 'EPRZ', '12670099999', '12690099999', '12580099999', '12695099999']",obs,
2025-03-28 18:00:00,1743181200,12.7,12.7,59.51,5.0,0.0,0.0,0.0,0.0,,36.0,18.0,95.0,1012.3,19.7,90.1,34.9,0.1,0.0,10.0,Overcast,cloudy,"['12575099999', 'EPRZ', '12670099999', '12690099999', '12580099999', '12695099999']",obs,
2025-03-28 19:00:00,1743184800,11.7,11.7,62.49,4.8,0.0,0.0,0.0,0.0,,43.0,18.0,85.0,1012.3,15.0,89.1,0.0,0.0,0.0,10.0,Partially cloudy,partly-cloudy-night,"['12575099999', 'EPRZ', '12670099999', '12690099999', '12580099999', '12695099999']",obs,
2025-03-28 20:00:00,1743188400,11.0,11.0,62.23,4.0,0.0,0.0,0.0,0.0,,36.7,19.1,85.0,1012.2,14.9,88.2,0.0,0.0,0.0,10.0,Partially cloudy,partly-cloudy-night,"['12575099999', 'EPRZ', '12670099999', '12690099999', '12580099999', '12695099999']",obs,
2025-03-28 21:00:00,1743192000,9.9,7.4,66.99,4.0,0.0,0.0,0.0,0.0,,35.6,18.0,86.0,1011.6,14.9,60.3,0.0,0.0,0.0,10.0,Partially cloudy,partly-cloudy-night,"['12575099999', 'EPRZ', '12670099999', '12690099999', '12580099999', '12695099999']",obs,
2025-03-28 22:00:00,1743195600,9.0,6.8,70.89,4.0,0.0,0.0,0.0,0.0,,36.7,14.5,80.0,1011.6,14.8,30.1,0.0,0.0,0.0,10.0,Partially cloudy,partly-cloudy-night,"['12575099999', 'EPRZ', '12670099999', '12690099999', '12580099999', '12695099999']",obs,
2025-03-28 23:00:00,1743199200,7.9,5.8,75.25,3.8,0.0,0.0,0.0,0.0,,37.1,11.9,104.0,1011.5,12.5,10.0,0.0,0.0,0.0,10.0,Clear,clear-night,"['12575099999', 'EPRZ', '12670099999', '12690099999', '12580099999', '12695099999']",obs,
2025-03-29 00:00:00,1743202800,8.0,4.9,75.83,4.0,0.0,0.0,0.0,0.0,,37.1,19.1,85.0,1010.7,12.5,50.0,0.0,0.0,0.0,10.0,Partially cloudy,partly-cloudy-night,"['12575099999', 'EPRZ', '12670099999', '12690099999', '12580099999', '12695099999']",obs,
2025-03-29 01:00:00,1743206400,8.0,4.3,75.23,3.9,0.0,0.0,0.0,0.0,,13.4,26.0,86.0,1010.5,14.7,40.0,0.0,0.0,0.0,10.0,Partially cloudy,partly-cloudy-night,"['12575099999', 'EPRZ', '12670099999', '12690099999', '12580099999', '12695099999']",obs,
2025-03-29 02:00:00,1743210000,7.0,3.0,80.4,3.9,0.0,0.0,0.0,0.0,,34.9,26.9,86.0,1010.4,12.5,60.0,0.0,0.0,0.0,10.0,Partially cloudy,partly-cloudy-night,"['12575099999', 'EPRZ', '12670099999', '12690099999', '12580099999', '12695099999']",obs,
2025-03-29 03:00:00,1743213600,6.8,3.9,81.08,3.8,0.0,0.0,0.0,0.0,,33.5,15.3,91.0,1009.8,12.4,80.0,0.0,0.0,0.0,10.0,Partially cloudy,partly-cloudy-night,"['12575099999', 'EPRZ', '12670099999', '12690099999', '12580099999', '12695099999']",obs,
2025-03-29 04:00:00,1743217200,6.2,2.6,80.52,3.1,0.0,0.0,0.0,0.0,,33.5,20.6,85.0,1009.7,12.4,58.8,0.0,0.0,0.0,10.0,Partially cloudy,partly-cloudy-night,"['12575099999', 'EPRZ', '12670099999', '12690099999', '12580099999', '12695099999']",obs,
2025-03-29 05:00:00,1743220800,6.0,2.4,80.09,2.8,0.0,0.0,0.0,0.0,,33.1,19.6,95.0,1009.6,12.4,59.7,0.0,0.0,0.0,10.0,Partially cloudy,partly-cloudy-night,"['12575099999', 'EPRZ', '12670099999', '12690099999', '12580099999', '12695099999']",obs,
2025-03-29 06:00:00,1743224400,6.1,2.2,79.35,2.8,0.0,0.0,0.0,0.0,,32.4,22.5,95.0,1009.8,12.3,89.7,16.9,0.1,0.0,10.0,Partially cloudy,partly-cloudy-day,"['12575099999', 'EPRZ', '12670099999', '12690099999', '12580099999', '12695099999']",obs,
2025-03-29 07:00:00,1743228000,7.3,3.8,73.91,2.9,0.0,0.0,0.0,0.0,,24.7,21.7,90.0,1009.8,12.3,88.9,126.0,0.5,1.0,10.0,Partially cloudy,partly-cloudy-day,"['12575099999', 'EPRZ', '12670099999', '12690099999', '12580099999', '12695099999']",obs,
2025-03-29 08:00:00,1743231600,9.1,5.4,66.28,3.2,0.0,0.0,0.0,0.0,,36.0,30.7,100.0,1010.3,14.7,89.1,273.1,1.0,3.0,10.0,Partially cloudy,partly-cloudy-day,"['12575099999', 'EPRZ', '12670099999', '12690099999', '12580099999', '12695099999']",obs,
2025-03-29 09:00:00,1743235200,11.0,11.0,61.5,3.9,0.0,0.0,0.0,0.0,,39.6,29.8,90.0,1010.3,14.8,89.7,409.7,1.5,4.0,10.0,Partially cloudy,partly-cloudy-day,"['12575099999', 'EPRZ', '12670099999', '12690099999', '12580099999', '12695099999']",obs,
2025-03-29 10:00:00,1743238800,12.9,12.9,53.83,3.8,0.0,0.0,0.0,0.0,,42.5,32.3,105.0,1010.3,14.8,89.4,526.7,1.9,5.0,10.0,Partially cloudy,partly-cloudy-day,"['12575099999', 'EPRZ', '12670099999', '12690099999', '12580099999', '12695099999']",obs,
2025-03-29 11:00:00,1743242400,13.9,13.9,45.13,2.2,0.0,0.0,0.0,0.0,,57.3,40.3,104.0,1010.2,19.4,90.0,646.4,2.3,6.0,10.0,Partially cloudy,partly-cloudy-day,"['12575099999', 'EPRZ', '12670099999', '12690099999', '12580099999', '12695099999']",obs,
2025-03-29 12:00:00,1743246000,15.0,15.0,41.95,2.2,0.0,0.0,0.0,0.0,,64.4,45.6,105.0,1010.0,19.4,89.0,664.7,2.4,7.0,10.0,Partially cloudy,partly-cloudy-day,"['12575099999', 'EPRZ', '12670099999', '12690099999', '12580099999', '12695099999']",obs,
2025-03-29 13:00:00,1743249600,15.1,15.1,44.31,3.1,0.001,100.0,0.0,0.0,['rain'],64.4,39.3,95.0,1009.4,19.4,80.6,610.8,2.2,6.0,10.0,"Rain, Partially cloudy",rain,"['12575099999', 'EPRZ', '12670099999', '12690099999', '12580099999', '12695099999']",obs,
2025-03-29 14:00:00,1743253200,15.6,15.6,40.92,2.4,0.0,0.0,0.0,0.0,,61.2,40.7,99.0,1009.3,19.5,90.0,531.2,1.9,5.0,10.0,Partially cloudy,partly-cloudy-day,"['12575099999', 'EPRZ', '12670099999', '12690099999', '12580099999', '12695099999']",obs,
2025-03-29 15:00:00,1743256800,15.0,15.0,41.43,2.0,0.0,0.0,0.0,0.0,,54.0,32.5,100.0,1009.4,19.4,90.1,409.0,1.5,4.0,10.0,Overcast,cloudy,"['12575099999', 'EPRZ', '12670099999', '12690099999', '12580099999', '12695099999']",obs,
2025-03-29 16:00:00,1743260400,15.0,15.0,40.86,1.8,0.0,0.0,0.0,0.0,,61.2,29.8,95.0,1009.4,19.5,89.6,299.4,1.1,3.0,10.0,Partially cloudy,partly-cloudy-day,"['12575099999', 'EPRZ', '12670099999', '12690099999', '12580099999', '12695099999']",obs,
2025-03-29 17:00:00,1743264000,14.0,14.0,43.82,1.9,0.0,0.0,0.0,0.0,,41.0,27.6,95.0,1009.5,19.5,90.3,155.2,0.6,2.0,10.0,Overcast,cloudy,"['12575099999', 'EPRZ', '12670099999', '12690099999', '12580099999', '12695099999']",obs,
2025-03-29 18:00:00,1743267600,12.0,12.0,49.64,1.8,0.0,0.0,0.0,0.0,,33.1,14.4,90.0,1010.2,19.4,90.0,34.3,0.1,0.0,10.0,Partially cloudy,partly-cloudy-night,"['12575099999', 'EPRZ', '12670099999', '12690099999', '12580099999', '12695099999']",obs,
2025-03-29 19:00:00,1743271200,11.8,11.8,50.65,1.9,0.0,0.0,0.0,0.0,,58.5,11.9,71.0,1010.3,19.3,90.1,0.0,0.0,0.0,10.0,Overcast,cloudy,"['12575099999', 'EPRZ', '12670099999', '12690099999', '12580099999', '12695099999']",obs,
2025-03-29 20:00:00,1743274800,10.9,10.9,53.45,1.8,0.0,0.0,0.0,0.0,,26.3,9.4,76.0,1010.5,14.9,90.5,0.0,0.0,0.0,10.0,Overcast,cloudy,"['12575099999', 'EPRZ', '12670099999', '12690099999', '12580099999', '12695099999']",obs,
2025-03-29 21:00:00,1743278400,8.7,8.7,62.22,1.9,0.0,0.0,0.0,0.0,,26.3,3.8,61.0,1010.7,12.7,90.5,0.0,0.0,0.0,10.0,Overcast,cloudy,"['12575099999', 'EPRZ', '12670099999', '12690099999', '12580099999', '12695099999']",obs,
2025-03-29 22:00:00,1743282000,8.2,6.5,64.95,2.0,0.0,0.0,0.0,0.0,,26.3,9.9,50.0,1011.3,12.8,90.6,0.0,0.0,0.0,10.0,Overcast,cloudy,"['12575099999', 'EPRZ', '12670099999', '12690099999', '12580099999', '12695099999']",obs,
2025-03-29 23:00:00,1743285600,8.8,6.8,62.84,2.1,0.0,0.0,0.0,0.0,,24.5,12.5,75.0,1011.3,19.5,90.0,0.0,0.0,0.0,10.0,Partially cloudy,partly-cloudy-night,"['12575099999', 'EPRZ', '12670099999', '12690099999', '12580099999', '12695099999']",obs,
2025-03-30 00:00:00,1743289200,8.9,7.2,63.17,2.3,0.0,0.0,0.0,0.0,,19.8,10.9,61.0,1011.3,19.4,90.1,0.0,0.0,0.0,10.0,Overcast,cloudy,"['12575099999', 'EPRZ', '12670099999', '12690099999', '12580099999', '12695099999']",obs,
2025-03-30 01:00:00,1743292800,8.1,6.3,69.49,2.9,0.0,0.0,0.0,0.0,,17.3,10.9,51.0,1010.6,19.4,79.8,0.0,0.0,0.0,10.0,Partially cloudy,partly-cloudy-night,"['12575099999', 'EPRZ', '12670099999', '12690099999', '12580099999', '12695099999']",obs,
2025-03-30 03:00:00,1743296400,8.0,6.0,70.99,3.0,0.0,0.0,0.0,0.0,,17.6,10.9,60.0,1010.4,19.4,79.3,0.0,0.0,0.0,10.0,Partially cloudy,partly-cloudy-night,"['12575099999', 'EPRZ', '12670099999', '12690099999', '12580099999', '12695099999']",obs,2.0
2025-03-30 04:00:00,1743300000,5.9,4.9,76.78,2.1,0.0,0.0,0.0,0.0,,18.0,5.8,91.0,1010.4,19.3,90.1,0.0,0.0,0.0,10.0,Overcast,cloudy,"['12575099999', 'EPRZ', '12670099999', '12690099999', '12580099999', '12695099999']",obs,2.0
2025-03-30 05:00:00,1743303600,6.8,4.8,76.8,3.0,0.0,0.0,0.0,0.0,,18.4,9.8,95.0,1010.4,19.2,88.1,0.0,0.0,0.0,10.0,Partially cloudy,partly-cloudy-night,"['12575099999', 'EPRZ', '12670099999', '12690099999', '12580099999', '12695099999']",obs,2.0
2025-03-30 06:00:00,1743307200,6.7,4.6,76.91,3.0,0.0,0.0,0.0,0.0,,13.9,10.8,71.0,1010.5,19.2,90.0,0.0,0.0,0.0,10.0,Partially cloudy,partly-cloudy-night,"['12575099999', 'EPRZ', '12670099999', '12690099999', '12580099999', '12695099999']",obs,2.0
2025-03-30 07:00:00,1743310800,5.9,3.6,81.99,3.0,0.0,0.0,0.0,0.0,,15.5,10.7,83.0,1010.6,19.1,42.3,17.6,0.1,0.0,10.0,Partially cloudy,partly-cloudy-day,"['12575099999', 'EPRZ', '12670099999', '12690099999', '12580099999', '12695099999']",obs,2.0
2025-03-30 08:00:00,1743314400,7.7,5.6,76.6,3.9,0.0,0.0,0.0,0.0,,14.1,11.6,78.0,1010.5,19.1,61.4,108.4,0.4,1.0,10.0,Partially cloudy,partly-cloudy-day,"['12575099999', 'EPRZ', '12670099999', '12690099999', '12580099999', '12695099999']",obs,2.0
2025-03-30 09:00:00,1743318000,9.1,6.8,74.2,4.7,0.0,0.0,0.0,0.0,,18.7,15.2,85.0,1010.4,19.1,41.4,287.2,1.0,3.0,10.0,Partially cloudy,partly-cloudy-day,"['12575099999', 'EPRZ', '12670099999', '12690099999', '12580099999', '12695099999']",obs,2.0
2025-03-30 10:00:00,1743321600,11.6,11.6,64.38,5.1,0.0,0.0,0.0,0.0,,19.1,24.9,108.0,1010.2,19.3,31.8,431.0,1.6,4.0,10.0,Partially cloudy,partly-cloudy-day,"['12575099999', 'EPRZ', '12670099999', '12690099999', '12580099999', '12695099999']",obs,2.0
2025-03-30 11:00:00,1743325200,12.8,12.8,62.54,5.8,0.0,0.0,0.0,0.0,,18.7,24.2,95.0,1009.6,19.4,51.1,531.3,1.9,5.0,10.0,Partially cloudy,partly-cloudy-day,"['12575099999', 'EPRZ', '12670099999', '12690099999', '12580099999', '12695099999']",obs,2.0
2025-03-30 12:00:00,1743328800,13.1,13.1,60.22,5.5,0.0,0.0,0.0,0.0,,16.2,17.8,75.0,1009.3,19.5,38.1,541.3,1.9,5.0,10.0,Partially cloudy,partly-cloudy-day,"['12575099999', 'EPRZ', '12670099999', '12690099999', '12580099999', '12695099999']",obs,2.0
2025-03-30 13:00:00,1743332400,13.2,13.2,57.68,5.0,0.0,0.0,0.0,0.0,,16.9,15.3,101.0,1008.5,19.5,89.2,398.4,1.4,4.0,10.0,Partially cloudy,partly-cloudy-day,"['12575099999', 'EPRZ', '12670099999', '12690099999', '12580099999', '12695099999']",obs,2.0
2025-03-30 14:00:00,1743336000,13.7,13.7,55.78,5.0,0.0,0.0,0.0,0.0,,18.0,8.4,173.0,1008.3,19.5,89.2,220.6,0.8,2.0,10.0,Partially cloudy,partly-cloudy-day,"['12575099999', 'EPRZ', '12670099999', '12690099999', '12580099999', '12695099999']",obs,2.0
2025-03-30 15:00:00,1743339600,13.1,13.1,58.72,5.2,0.0,0.0,0.0,0.0,,18.7,9.9,222.0,1007.5,19.4,93.8,165.2,0.6,2.0,10.0,Overcast,cloudy,"['12575099999', 'EPRZ', '12670099999', '12690099999', '12580099999', '12695099999']",obs,2.0
2025-03-30 16:00:00,1743343200,12.9,12.9,59.8,5.2,0.0,0.0,0.0,0.0,,19.1,14.3,260.0,1007.5,19.3,100.0,153.4,0.6,2.0,10.0,Overcast,cloudy,"['12575099999', 'EPRZ', '12670099999', '12690099999', '12580099999', '12695099999']",obs,2.0
2025-03-30 17:00:00,1743346800,12.3,12.3,60.74,4.9,0.0,0.0,0.0,0.0,,18.4,14.3,256.0,1007.4,19.3,100.0,102.8,0.4,1.0,10.0,Overcast,cloudy,"['12575099999', 'EPRZ', '12670099999', '12690099999', '12580099999', '12695099999']",obs,2.0
2025-03-30 18:00:00,1743350400,12.0,12.0,58.58,4.2,0.0,0.0,0.0,0.0,['rain'],32.4,13.4,261.0,1007.3,19.3,99.7,73.0,0.3,1.0,10.0,Overcast,cloudy,"['12575099999', 'EPRZ', '12670099999', '12690099999', '12580099999', '12695099999']",obs,2.0
2025-03-30 19:00:00,1743354000,11.6,11.6,63.27,4.9,0.0,0.0,0.0,0.0,['rain'],11.5,9.9,246.0,1007.2,19.0,99.9,18.5,0.1,0.0,10.0,Overcast,cloudy,"['12575099999', 'EPRZ', '12670099999', '12690099999', '12580099999', '12695099999']",obs,2.0
2025-03-30 20:00:00,1743357600,10.8,10.8,67.65,5.1,0.0,0.0,0.0,0.0,,31.4,9.0,275.0,1007.3,14.5,60.9,0.0,0.0,0.0,10.0,Partially cloudy,partly-cloudy-night,"['12575099999', 'EPRZ', '12670099999', '12690099999', '12580099999', '12695099999']",obs,2.0
2025-03-30 21:00:00,1743361200,10.0,8.8,76.14,6.0,0.0,0.0,0.0,0.0,['rain'],13.3,9.0,265.0,1007.4,12.2,100.0,0.0,0.0,0.0,10.0,Overcast,cloudy,"['12575099999', 'EPRZ', '12670099999', '12690099999', '12580099999', '12695099999']",obs,2.0
2025-03-30 22:00:00,1743364800,9.1,8.4,85.2,6.8,0.0,0.0,0.0,0.0,,16.2,6.4,298.0,1007.5,10.0,100.0,0.0,0.0,0.0,10.0,Overcast,cloudy,"['12575099999', 'EPRZ', '12670099999', '12690099999', '12580099999', '12695099999']",obs,2.0
2025-03-30 23:00:00,1743368400,8.9,7.6,87.99,7.0,0.0,0.0,0.0,0.0,,19.8,8.5,271.0,1007.6,5.0,100.0,0.0,0.0,0.0,10.0,Overcast,cloudy,"['12575099999', 'EPRZ', '12670099999', '12690099999', '12580099999', '12695099999']",obs,2.0
2025-03-31 00:00:00,1743372000,8.8,6.5,87.75,6.9,0.0,0.0,0.0,0.0,['rain'],23.0,14.5,286.0,1007.6,7.1,100.0,0.0,0.0,0.0,10.0,Overcast,cloudy,"['12575099999', 'EPRZ', '12670099999', '12690099999', '12580099999', '12695099999']",obs,2.0
2025-03-31 01:00:00,1743375600,7.1,4.3,91.42,5.8,0.0,0.0,0.0,0.0,['rain'],25.9,15.3,290.0,1008.5,9.9,100.0,0.0,0.0,0.0,10.0,Overcast,cloudy,"['12575099999', 'EPRZ', '12670099999', '12690099999', '12580099999', '12695099999']",obs,2.0
2025-03-31 02:00:00,1743379200,7.1,5.0,87.95,5.3,0.786,100.0,0.0,0.0,['rain'],29.9,11.0,271.0,1008.5,9.9,100.0,0.0,0.0,0.0,10.0,"Rain, Overcast",rain,"['12575099999', 'EPRZ', '12670099999', '12690099999', '12580099999', '12695099999']",obs,2.0
2025-03-31 03:00:00,1743382800,7.0,5.6,87.08,5.0,0.0,0.0,0.0,0.0,['rain'],29.5,7.4,291.0,1008.7,10.0,60.3,0.0,0.0,0.0,10.0,Partially cloudy,partly-cloudy-night,"['12575099999', 'EPRZ', '12670099999', '12690099999', '12580099999', '12695099999']",obs,2.0
2025-03-31 04:00:00,1743386400,6.8,5.4,86.99,4.8,0.0,0.0,0.0,0.0,,27.4,7.5,305.0,1008.7,12.3,100.0,0.0,0.0,0.0,10.0,Overcast,cloudy,"['12575099999', 'EPRZ', '12670099999', '12690099999', '12580099999', '12695099999']",obs,2.0
2025-03-31 05:00:00,1743390000,6.1,4.4,86.16,4.0,0.0,0.0,0.0,0.0,,10.8,8.4,319.0,1009.4,14.5,100.0,0.0,0.0,0.0,10.0,Overcast,cloudy,"['12575099999', 'EPRZ', '12670099999', '12690099999', '12580099999', '12695099999']",obs,2.0
2025-03-31 06:00:00,1743393600,6.0,4.5,85.62,3.8,0.0,0.0,0.0,0.0,,23.8,7.4,300.0,1009.6,14.6,93.6,0.0,0.0,0.0,10.0,Overcast,cloudy,"['12575099999', 'EPRZ', '12670099999', '12690099999', '12580099999', '12695099999']",obs,2.0
2025-03-31 07:00:00,1743397200,6.1,4.6,85.09,3.8,0.0,0.0,0.0,0.0,,25.6,7.5,296.0,1010.4,14.6,93.8,10.8,0.0,0.0,10.0,Overcast,cloudy,"['12575099999', 'EPRZ', '12670099999', '12690099999', '12580099999', '12695099999']",obs,2.0
2025-03-31 08:00:00,1743400800,6.9,5.8,77.69,3.2,0.0,0.0,0.0,0.0,,10.8,6.4,300.0,1010.6,14.8,93.5,46.6,0.2,0.0,10.0,Overcast,cloudy,"['12575099999', 'EPRZ', '12670099999', '12690099999', '12580099999', '12695099999']",obs,2.0
2025-03-31 09:00:00,1743404400,7.7,6.3,74.81,3.5,0.0,0.0,0.0,0.0,,27.7,8.4,291.0,1011.3,14.9,69.4,158.6,0.6,2.0,10.0,Partially cloudy,partly-cloudy-day,"['12575099999', 'EPRZ', '12670099999', '12690099999', '12580099999', '12695099999']",obs,2.0
2025-03-31 10:00:00,1743408000,8.0,6.1,70.97,3.1,0.0,0.0,0.0,0.0,['rain'],29.9,11.0,295.0,1011.6,19.4,56.4,175.4,0.6,2.0,10.0,Partially cloudy,partly-cloudy-day,"['12575099999', 'EPRZ', '12670099999', '12690099999', '12580099999', '12695099999']",obs,2.0
2025-03-31 11:00:00,1743411600,8.9,7.0,67.8,3.2,0.0,0.0,0.0,0.0,['rain'],34.2,11.9,320.0,1012.3,19.5,69.4,209.8,0.8,2.0,10.0,Partially cloudy,partly-cloudy-day,"['12575099999', 'EPRZ', '12670099999', '12690099999', '12580099999', '12695099999']",obs,2.0
2025-03-31 12:00:00,1743415200,9.0,7.0,70.65,4.0,0.0,0.0,0.0,0.0,['rain'],36.0,12.8,291.0,1012.5,19.5,69.4,215.3,0.8,2.0,10.0,Partially cloudy,partly-cloudy-day,"['12575099999', 'EPRZ', '12670099999', '12690099999', '12580099999', '12695099999']",obs,2.0
2025-03-31 13:00:00,1743418800,9.9,7.8,65.93,3.8,0.0,0.0,0.0,0.0,,36.4,14.5,310.0,1012.7,19.5,89.2,226.2,0.8,2.0,10.0,Partially cloudy,partly-cloudy-day,"['12575099999', 'EPRZ', '12670099999', '12690099999', '12580099999', '12695099999']",obs,2.0
2025-03-31 14:00:00,1743422400,9.9,8.0,63.51,3.3,0.0,0.0,0.0,0.0,['rain'],36.7,13.5,325.0,1013.3,19.5,93.8,203.9,0.7,2.0,10.0,Overcast,cloudy,"['12575099999', 'EPRZ', '12670099999', '12690099999', '12580099999', '12695099999']",obs,2.0
2025-03-31 15:00:00,1743426000,10.0,7.9,62.86,3.2,0.0,0.0,0.0,0.0,,36.4,15.3,350.0,1013.5,19.5,93.8,265.2,1.0,3.0,10.0,Overcast,cloudy,"['12575099999', 'EPRZ', '12670099999', '12690099999', '12580099999', '12695099999']",obs,2.0
2025-03-31 16:00:00,1743429600,10.7,10.7,58.41,2.9,0.0,0.0,0.0,0.0,,35.3,17.9,345.0,1013.6,19.4,69.4,194.8,0.7,2.0,10.0,Partially cloudy,partly-cloudy-day,"['12575099999', 'EPRZ', '12670099999', '12690099999', '12580099999', '12695099999']",obs,2.0
2025-03-31 17:00:00,1743433200,10.1,10.1,62.56,3.3,0.0,0.0,0.0,0.0,['rain'],33.5,16.3,4.0,1014.4,19.4,69.4,121.9,0.4,1.0,10.0,Partially cloudy,partly-cloudy-day,"['12575099999', 'EPRZ', '12670099999', '12690099999', '12580099999', '12695099999']",obs,2.0
2025-03-31 18:00:00,1743436800,10.0,7.9,62.54,3.2,0.0,0.0,0.0,0.0,,29.2,15.3,9.0,1014.7,19.3,60.9,62.1,0.2,1.0,10.0,Partially cloudy,partly-cloudy-day,"['12575099999', 'EPRZ', '12670099999', '12690099999', '12580099999', '12695099999']",obs,2.0
2025-03-31 19:00:00,1743440400,9.0,6.7,66.83,3.2,0.0,0.0,0.0,0.0,['rain'],24.8,15.3,4.0,1015.6,19.4,60.9,14.3,0.1,0.0,10.0,Partially cloudy,partly-cloudy-day,"['12575099999', 'EPRZ', '12670099999', '12690099999', '12580099999', '12695099999']",obs,2.0
2025-03-31 20:00:00,1743444000,8.8,7.5,71.0,3.8,0.002,100.0,0.0,0.0,['rain'],17.7,8.4,345.0,1016.5,19.3,93.6,0.0,0.0,0.0,10.0,"Rain, Overcast",rain,"['12575099999', 'EPRZ', '12670099999', '12690099999', '12580099999', '12695099999']",obs,2.0
2025-03-31 21:00:00,1743447600,8.0,6.4,74.04,3.7,0.0,0.0,0.0,0.0,,18.4,9.2,350.0,1016.8,19.3,93.8,0.0,0.0,0.0,10.0,Overcast,cloudy,"['12575099999', 'EPRZ', '12670099999', '12690099999', '12580099999', '12695099999']",obs,2.0
2025-03-31 22:00:00,1743451200,8.0,6.2,71.15,3.1,0.0,0.0,0.0,0.0,,17.6,10.1,360.0,1017.4,19.4,93.8,0.0,0.0,0.0,10.0,Overcast,cloudy,"['12575099999', 'EPRZ', '12670099999', '12690099999', '12580099999', '12695099999']",obs,2.0
2025-03-31 23:00:00,1743454800,8.0,6.4,75.0,3.8,0.0,0.0,0.0,0.0,,16.2,9.2,345.0,1017.5,19.4,100.0,0.0,0.0,0.0,10.0,Overcast,cloudy,"['12575099999', 'EPRZ', '12670099999', '12690099999', '12580099999', '12695099999']",obs,2.0
2025-04-01 00:00:00,1743458400,7.8,6.2,77.69,4.1,0.0,0.0,0.0,0.0,['rain'],15.8,9.2,340.0,1017.7,19.3,100.0,0.0,0.0,0.0,10.0,Overcast,cloudy,"['12575099999', 'EPRZ', '12670099999', '12690099999', '12580099999', '12695099999']",obs,2.0
2025-04-01 01:00:00,1743462000,7.8,6.1,81.31,4.8,0.0,0.0,0.0,0.0,,16.9,9.3,330.0,1017.8,19.3,100.0,0.0,0.0,0.0,10.0,Overcast,cloudy,"['12575099999', 'EPRZ', '12670099999', '12690099999', '12580099999', '12695099999']",obs,2.0
2025-04-01 02:00:00,1743465600,7.2,5.3,85.06,4.9,0.0,0.0,0.0,0.0,,18.0,10.0,325.0,1017.8,19.4,100.0,0.0,0.0,0.0,10.0,Overcast,cloudy,"['12575099999', 'EPRZ', '12670099999', '12690099999', '12580099999', '12695099999']",obs,2.0
2025-04-01 03:00:00,1743469200,7.0,4.8,86.21,4.9,0.0,0.0,0.0,0.0,,18.0,11.8,336.0,1017.8,19.3,100.0,0.0,0.0,0.0,10.0,Overcast,cloudy,"['12575099999', 'EPRZ', '12670099999', '12690099999', '12580099999', '12695099999']",obs,2.0
2025-04-01 04:00:00,1743472800,7.0,5.1,87.03,5.0,0.0,0.0,0.0,0.0,,17.6,9.9,326.0,1018.4,14.8,100.0,0.0,0.0,0.0,10.0,Overcast,cloudy,"['12575099999', 'EPRZ', '12670099999', '12690099999', '12580099999', '12695099999']",obs,2.0
2025-04-01 05:00:00,1743476400,7.0,5.0,87.91,5.1,0.0,0.0,0.0,0.0,,18.4,10.0,330.0,1018.6,12.4,100.0,0.0,0.0,0.0,10.0,Overcast,cloudy,"['12575099999', 'EPRZ', '12670099999', '12690099999', '12580099999', '12695099999']",obs,2.0
2025-04-01 06:00:00,1743480000,6.9,4.7,92.64,5.8,0.0,0.0,0.0,0.0,,19.1,11.0,325.0,1018.8,10.0,100.0,0.0,0.0,0.0,10.0,Overcast,cloudy,"['12575099999', 'EPRZ', '12670099999', '12690099999', '12580099999', '12695099999']",obs,2.0
2025-04-01 07:00:00,1743483600,6.8,4.8,94.47,6.0,0.0,0.0,0.0,0.0,,19.4,10.0,306.0,1019.6,6.0,100.0,8.5,0.0,0.0,10.0,Overcast,cloudy,"['12575099999', 'EPRZ', '12670099999', '12690099999', '12580099999', '12695099999']",obs,2.0
2025-04-01 08:00:00,1743487200,6.8,4.5,94.53,6.0,0.093,100.0,0.0,0.0,['rain'],10.9,11.8,316.0,1019.7,4.0,93.8,45.9,0.2,0.0,10.0,"Rain, Overcast",rain,"['12575099999', 'EPRZ', '12670099999', '12690099999', '12580099999', '12695099999']",obs,2.0
2025-04-01 09:00:00,1743490800,6.9,4.4,94.86,6.1,0.0,0.0,0.0,0.0,,29.9,12.8,325.0,1020.5,4.0,93.8,112.4,0.4,1.0,10.0,Overcast,cloudy,"['12575099999', 'EPRZ', '12670099999', '12690099999', '12580099999', '12695099999']",obs,2.0
2025-04-01 10:00:00,1743494400,7.0,4.0,98.0,6.7,0.0,0.0,0.0,0.0,,30.2,16.9,330.0,1020.7,5.0,100.0,135.2,0.5,1.0,10.0,Overcast,cloudy,"['12575099999', 'EPRZ', '12670099999', '12690099999', '12580099999', '12695099999']",obs,2.0
2025-04-01 11:00:00,1743498000,7.9,5.2,94.04,7.0,0.0,0.0,0.0,0.0,,10.8,15.4,335.0,1020.8,5.9,100.0,190.0,0.7,2.0,10.0,Overcast,cloudy,"['12575099999', 'EPRZ', '12670099999', '12690099999', '12580099999', '12695099999']",obs,2.0
2025-04-01 12:00:00,1743501600,8.7,6.8,88.91,7.0,0.0,0.0,0.0,0.0,['rain'],31.7,11.9,325.0,1021.4,7.9,100.0,138.5,0.5,1.0,10.0,Overcast,cloudy,"['12575099999', 'EPRZ', '12670099999', '12690099999', '12580099999', '12695099999']",obs,2.0
2025-04-01 13:00:00,1743505200,9.1,6.6,86.98,7.0,0.0,0.0,0.0,0.0,,31.7,16.3,330.0,1021.4,9.9,89.2,161.4,0.6,2.0,10.0,Partially cloudy,partly-cloudy-day,"['12575099999', 'EPRZ', '12670099999', '12690099999', '12580099999', '12695099999']",obs,2.0
2025-04-01 14:00:00,1743508800,11.3,11.3,74.53,6.9,0.565,100.0,0.0,0.0,['rain'],32.0,13.5,330.0,1020.5,9.9,89.2,175.3,0.6,2.0,10.0,"Rain, Partially cloudy",rain,"['12575099999', 'EPRZ', '12670099999', '12690099999', '12580099999', '12695099999']",obs,2.0
2025-04-01 15:00:00,1743512400,13.7,13.7,53.22,4.3,0.0,0.0,0.0,0.0,['rain'],38.9,17.9,359.0,1020.2,12.3,50.7,340.4,1.2,3.0,10.0,Partially cloudy,partly-cloudy-day,"['12575099999', 'EPRZ', '12670099999', '12690099999', '12580099999', '12695099999']",obs,2.0
2025-04-01 16:00:00,1743516000,13.7,13.7,52.66,4.2,0.0,0.0,0.0,0.0,['rain'],36.0,20.0,359.0,1019.4,14.7,55.5,335.1,1.2,3.0,10.0,Partially cloudy,partly-cloudy-day,"['12575099999', 'EPRZ', '12670099999', '12690099999', '12580099999', '12695099999']",obs,2.0
2025-04-01 17:00:00,1743519600,13.7,13.7,52.65,4.2,0.0,0.0,0.0,0.0,['rain'],36.0,21.5,349.0,1019.3,19.3,55.6,219.2,0.8,2.0,10.0,Partially cloudy,partly-cloudy-day,"['12575099999', 'EPRZ', '12670099999', '12690099999', '12580099999', '12695099999']",obs,2.0
2025-04-01 18:00:00,1743523200,13.1,13.1,58.3,5.1,0.0,0.0,0.0,0.0,['rain'],36.0,21.7,356.0,1019.5,19.4,64.5,129.3,0.5,1.0,10.0,Partially cloudy,partly-cloudy-day,"['12575099999', 'EPRZ', '12670099999', '12690099999', '12580099999', '12695099999']",obs,2.0
2025-04-01 19:00:00,1743526800,11.8,11.8,67.0,5.9,0.0,0.0,0.0,0.0,['rain'],39.6,20.0,353.0,1020.3,5.7,51.7,29.1,0.1,0.0,10.0,Partially cloudy,partly-cloudy-day,"['12575099999', 'EPRZ', '12670099999', '12690099999', '12580099999', '12695099999']",obs,2.0
2025-04-01 20:00:00,1743530400,11.1,11.1,70.94,6.0,0.0,0.0,0.0,0.0,['rain'],38.4,17.7,355.0,1020.6,19.3,88.9,0.0,0.0,0.0,10.0,Partially cloudy,partly-cloudy-night,"['12575099999', 'EPRZ', '12670099999', '12690099999', '12580099999', '12695099999']",obs,2.0
2025-04-01 21:00:00,1743534000,9.0,6.7,87.75,7.1,0.0,0.0,0.0,0.0,,32.4,15.4,5.0,1021.5,10.3,93.8,0.0,0.0,0.0,10.0,Overcast,cloudy,"['12575099999', 'EPRZ', '12670099999', '12690099999', '12580099999', '12695099999']",obs,2.0
2025-04-01 22:00:00,1743537600,8.7,6.8,89.46,7.1,0.0,0.0,0.0,0.0,['rain'],38.6,11.9,356.0,1021.6,10.0,100.0,0.0,0.0,0.0,10.0,Overcast,cloudy,"['12575099999', 'EPRZ', '12670099999', '12690099999', '12580099999', '12695099999']",obs,2.0
2025-04-01 23:00:00,1743541200,8.0,6.4,93.87,7.1,0.0,0.0,0.0,0.0,['rain'],31.7,9.3,337.0,1021.6,8.2,73.5,0.0,0.0,0.0,10.0,Partially cloudy,partly-cloudy-night,"['12575099999', 'EPRZ', '12670099999', '12690099999', '12580099999', '12695099999']",obs,2.0
2025-04-02 00:00:00,1743544800,8.0,5.6,93.02,7.0,0.0,0.0,0.0,0.0,['rain'],10.8,14.4,321.0,1021.4,10.2,100.0,0.0,0.0,0.0,10.0,Overcast,cloudy,"['12575099999', 'EPRZ', '12670099999', '12690099999', '12580099999', '12695099999']",obs,2.0
2025-04-02 01:00:00,1743548400,8.0,5.7,92.81,6.9,0.0,0.0,0.0,0.0,['rain'],24.5,12.8,335.0,1020.8,10.0,93.6,0.0,0.0,0.0,10.0,Overcast,cloudy,"['12575099999', 'EPRZ', '12670099999', '12690099999', '12580099999', '12695099999']",obs,2.0
2025-04-02 02:00:00,1743552000,8.0,5.5,93.69,7.0,1.897,100.0,0.0,0.0,['rain'],31.4,14.4,341.0,1020.8,8.1,93.6,0.0,0.0,0.0,10.0,"Rain, Overcast",rain,"['12575099999', 'EPRZ', '12670099999', '12690099999', '12580099999', '12695099999']",obs,2.0
2025-04-02 03:00:00,1743555600,7.8,5.8,93.95,6.9,0.0,0.0,0.0,0.0,['rain'],10.8,11.2,340.0,1020.6,10.0,100.0,0.0,0.0,0.0,10.0,Overcast,cloudy,"['12575099999', 'EPRZ', '12670099999', '12690099999', '12580099999', '12695099999']",obs,2.0
2025-04-02 04:00:00,1743559200,7.9,5.6,93.33,6.9,0.0,0.0,0.0,0.0,['rain'],28.1,12.7,336.0,1020.4,8.1,100.0,0.0,0.0,0.0,10.0,Overcast,cloudy,"['12575099999', 'EPRZ', '12670099999', '12690099999', '12580099999', '12695099999']",obs,2.0
2025-04-02 05:00:00,1743562800,7.9,5.8,93.4,6.9,0.0,0.0,0.0,0.0,['rain'],10.8,11.8,316.0,1019.6,10.0,73.5,0.0,0.0,0.0,10.0,Partially cloudy,partly-cloudy-night,"['12575099999', 'EPRZ', '12670099999', '12690099999', '12580099999', '12695099999']",obs,2.0
2025-04-02 06:00:00,1743566400,7.9,5.8,92.83,6.8,0.0,0.0,0.0,0.0,['rain'],10.8,11.8,320.0,1019.8,9.9,73.5,0.0,0.0,0.0,10.0,Partially cloudy,partly-cloudy-night,"['12575099999', 'EPRZ', '12670099999', '12690099999', '12580099999', '12695099999']",obs,2.0
2025-04-02 07:00:00,1743570000,7.8,5.7,88.77,6.0,0.0,0.0,0.0,0.0,['rain'],26.3,11.8,320.0,1019.8,12.2,74.0,10.7,0.0,0.0,10.0,Partially cloudy,partly-cloudy-day,"['12575099999', 'EPRZ', '12670099999', '12690099999', '12580099999', '12695099999']",obs,2.0
2025-04-02 08:00:00,1743573600,7.8,5.7,87.37,5.8,0.045,100.0,0.0,0.0,['rain'],15.0,11.9,340.0,1020.4,12.2,60.9,60.5,0.2,1.0,10.0,"Rain, Partially cloudy",rain,"['12575099999', 'EPRZ', '12670099999', '12690099999', '12580099999', '12695099999']",obs,2.0
2025-04-02 09:00:00,1743577200,7.9,5.3,86.75,5.8,0.0,0.0,0.0,0.0,,32.4,15.3,340.0,1020.3,14.7,60.9,216.6,0.8,2.0,10.0,Partially cloudy,partly-cloudy-day,"['12575099999', 'EPRZ', '12670099999', '12690099999', '12580099999', '12695099999']",obs,2.0
2025-04-02 10:00:00,1743580800,8.9,6.6,79.13,5.5,0.0,0.0,0.0,0.0,,35.6,15.3,340.0,1020.3,19.3,56.4,250.6,0.9,3.0,10.0,Partially cloudy,partly-cloudy-day,"['12575099999', 'EPRZ', '12670099999', '12690099999', '12580099999', '12695099999']",obs,2.0
2025-04-02 11:00:00,1743584400,10.7,10.7,67.99,5.0,0.0,0.0,0.0,0.0,,37.1,17.9,336.0,1019.5,19.4,56.4,238.6,0.9,2.0,10.0,Partially cloudy,partly-cloudy-day,"['12575099999', 'EPRZ', '12670099999', '12690099999', '12580099999', '12695099999']",obs,2.0
2025-04-02 12:00:00,1743588000,11.8,11.8,59.16,4.1,0.0,0.0,0.0,0.0,,10.8,18.3,5.0,1019.4,19.3,56.2,329.7,1.2,3.0,10.0,Partially cloudy,partly-cloudy-day,"['12575099999', 'EPRZ', '12670099999', '12690099999', '12580099999', '12695099999']",obs,2.0
2025-04-02 13:00:00,1743591600,11.9,11.9,53.07,2.7,0.0,0.0,0.0,0.0,,49.7,14.7,24.0,1019.3,19.4,56.1,327.2,1.2,3.0,10.0,Partially cloudy,partly-cloudy-day,"['12575099999', 'EPRZ', '12670099999', '12690099999', '12580099999', '12695099999']",obs,2.0
2025-04-02 14:00:00,1743595200,12.9,12.9,54.07,3.8,0.085,100.0,0.0,0.0,['rain'],28.8,8.3,59.0,1019.1,19.3,89.6,148.1,0.5,1.0,10.0,"Rain, Partially cloudy",rain,"['12575099999', 'EPRZ', '12670099999', '12690099999', '12580099999', '12695099999']",obs,2.0
2025-04-02 15:00:00,1743598800,13.1,13.1,54.54,4.1,0.0,0.0,0.0,0.0,,18.0,10.8,137.0,1018.5,19.5,80.6,223.7,0.8,2.0,10.0,Partially cloudy,partly-cloudy-day,"['12575099999', 'EPRZ', '12670099999', '12690099999', '12580099999', '12695099999']",obs,2.0
2025-04-02 16:00:00,1743602400,15.2,15.2,43.63,2.9,0.0,0.0,0.0,0.0,,30.8,9.9,75.0,1018.2,19.4,80.0,169.6,0.6,2.0,10.0,Partially cloudy,partly-cloudy-day,"['12575099999', 'EPRZ', '12670099999', '12690099999', '12580099999', '12695099999']",obs,2.0
2025-04-02 17:00:00,1743606000,15.7,15.7,34.75,0.2,0.0,0.0,0.0,0.0,,39.4,19.9,33.0,1018.2,19.5,51.5,172.6,0.6,2.0,10.0,Partially cloudy,partly-cloudy-day,"['12575099999', 'EPRZ', '12670099999', '12690099999', '12580099999', '12695099999']",obs,2.0
2025-04-02 18:00:00,1743609600,15.6,15.6,32.9,-0.7,0.0,0.0,0.0,0.0,,39.6,20.8,26.0,1018.3,19.5,42.1,114.2,0.4,1.0,10.0,Partially cloudy,partly-cloudy-day,"['12575099999', 'EPRZ', '12670099999', '12690099999', '12580099999', '12695099999']",obs,2.0
2025-04-02 19:00:00,1743613200,13.7,13.7,39.52,0.2,0.0,0.0,0.0,0.0,,22.0,12.7,6.0,1019.2,19.4,31.8,40.0,0.1,0.0,10.0,Partially cloudy,partly-cloudy-day,"['12575099999', 'EPRZ', '12670099999', '12690099999', '12580099999', '12695099999']",obs,2.0
2025-04-02 20:00:00,1743616800,10.7,10.7,56.99,2.5,0.0,0.0,0.0,0.0,,38.0,4.6,95.0,1019.6,19.3,30.1,0.0,0.0,0.0,10.0,Partially cloudy,partly-cloudy-night,"['12575099999', 'EPRZ', '12670099999', '12690099999', '12580099999', '12695099999']",obs,2.0
2025-04-02 21:00:00,1743620400,8.2,7.3,73.97,3.8,0.0,0.0,0.0,0.0,,14.4,6.2,228.0,1019.8,19.1,60.0,0.0,0.0,0.0,10.0,Partially cloudy,partly-cloudy-night,"['12575099999', 'EPRZ', '12670099999', '12690099999', '12580099999', '12695099999']",obs,2.0
2025-04-02 22:00:00,1743624000,7.0,7.0,81.39,4.1,0.0,0.0,0.0,0.0,,17.6,3.7,248.0,1020.5,12.3,30.0,0.0,0.0,0.0,10.0,Partially cloudy,partly-cloudy-night,"['12575099999', 'EPRZ', '12670099999', '12690099999', '12580099999', '12695099999']",obs,2.0
2025-04-02 23:00:00,1743627600,7.9,6.0,58.89,0.4,0.0,0.0,0.0,0.0,,23.0,10.9,347.0,1020.6,12.1,12.5,0.0,0.0,0.0,10.0,Clear,clear-night,"['12575099999', 'EPRZ', '12670099999', '12690099999', '12580099999', '12695099999']",obs,2.0
2025-04-03 00:00:00,1743631200,7.9,5.8,58.93,0.3,0.0,0.0,0.0,0.0,,25.6,11.7,339.0,1020.6,18.8,15.3,0.0,0.0,0.0,10.0,Clear,clear-night,"['12575099999', 'EPRZ', '12670099999', '12690099999', '12580099999', '12695099999']",obs,2.0
2025-04-03 01:00:00,1743634800,7.2,4.9,61.98,0.4,0.0,0.0,0.0,0.0,,25.6,11.8,350.0,1020.8,18.8,6.5,0.0,0.0,0.0,10.0,Clear,clear-night,"['12575099999', 'EPRZ', '12670099999', '12690099999', '12580099999', '12695099999']",obs,2.0
2025-04-03 02:00:00,1743638400,6.8,4.5,63.33,0.3,0.002,100.0,0.0,0.0,['rain'],24.5,11.7,339.0,1021.5,18.9,2.8,0.0,0.0,0.0,10.0,Rain,rain,"['12575099999', 'EPRZ', '12670099999', '12690099999', '12580099999', '12695099999']",obs,2.0
2025-04-03 03:00:00,1743642000,6.0,3.7,65.71,0.1,0.0,0.0,0.0,0.0,,22.0,10.8,349.0,1021.6,19.1,2.2,0.0,0.0,0.0,10.0,Clear,clear-night,"['12575099999', 'EPRZ', '12670099999', '12690099999', '12580099999', '12695099999']",obs,2.0
2025-04-03 04:00:00,1743645600,2.8,1.3,78.39,-0.6,0.0,0.0,0.0,0.0,,20.5,5.7,358.0,1021.8,19.1,2.0,0.0,0.0,0.0,10.0,Clear,clear-night,"['12575099999', 'EPRZ', '12670099999', '12690099999', '12580099999', '12695099999']",obs,2.0
2025-04-03 05:00:00,1743649200,1.1,1.1,86.63,-0.9,0.0,0.0,0.0,0.0,,19.1,4.4,215.0,1022.0,19.1,2.0,0.0,0.0,0.0,10.0,Clear,clear-night,"['12575099999', 'EPRZ', '12670099999', '12690099999', '12580099999', '12695099999']",obs,2.0
2025-04-03 06:00:00,1743652800,2.1,0.4,81.17,-0.8,0.0,0.0,0.0,0.0,,18.0,6.1,255.0,1022.7,19.0,0.6,0.0,0.0,0.0,10.0,Clear,clear-night,"['12575099999', 'EPRZ', '12670099999', '12690099999', '12580099999', '12695099999']",obs,2.0
2025-04-03 07:00:00,1743656400,2.3,-0.5,84.74,0.0,0.0,0.0,0.0,0.0,,18.7,9.8,263.0,1023.0,19.0,10.0,32.5,0.1,0.0,10.0,Clear,clear-day,"['12575099999', 'EPRZ', '12670099999', '12690099999', '12580099999', '12695099999']",obs,2.0
2025-04-03 08:00:00,1743660000,6.2,6.2,73.1,1.7,0.008,100.0,0.0,0.0,['rain'],10.6,3.6,318.0,1023.4,19.1,10.0,166.8,0.6,2.0,10.0,Rain,rain,"['12575099999', 'EPRZ', '12670099999', '12690099999', '12580099999', '12695099999']",obs,2.0
2025-04-03 09:00:00,1743663600,8.7,6.8,59.62,1.3,0.0,0.0,0.0,0.0,,24.8,11.8,48.0,1023.5,19.3,10.9,331.0,1.2,3.0,10.0,Clear,clear-day,"['12575099999', 'EPRZ', '12670099999', '12690099999', '12580099999', '12695099999']",obs,2.0
2025-04-03 10:00:00,1743667200,11.7,11.7,50.65,1.8,0.0,0.0,0.0,0.0,,28.8,11.8,18.0,1023.4,19.6,10.4,487.5,1.8,5.0,10.0,Clear,clear-day,"['12575099999', 'EPRZ', '12670099999', '12690099999', '12580099999', '12695099999']",obs,2.0
2025-04-03 11:00:00,1743670800,13.9,13.9,39.47,0.3,0.0,0.0,0.0,0.0,,32.0,16.9,34.0,1023.2,19.7,10.3,611.0,2.2,6.0,10.0,Clear,clear-day,"['12575099999', 'EPRZ', '12670099999', '12690099999', '12580099999', '12695099999']",obs,2.0
2025-04-03 12:00:00,1743674400,14.9,14.9,33.4,-1.1,0.0,0.0,0.0,0.0,,34.3,20.7,31.0,1023.1,19.8,11.0,693.3,2.5,7.0,10.0,Clear,clear-day,"['12575099999', 'EPRZ', '12670099999', '12690099999', '12580099999', '12695099999']",obs,2.0
2025-04-03 13:00:00,1743678000,16.0,16.0,29.8,-1.7,0.0,0.0,0.0,0.0,,31.1,22.6,30.0,1022.4,19.8,11.4,705.4,2.5,7.0,10.0,Clear,clear-day,"['12575099999', 'EPRZ', '12670099999', '12690099999', '12580099999', '12695099999']",obs,2.0
2025-04-03 14:00:00,1743681600,16.9,16.9,29.46,-1.0,0.0,0.0,0.0,0.0,,39.4,20.3,46.0,1022.2,19.8,10.5,677.0,2.4,7.0,10.0,Clear,clear-day,"['12575099999', 'EPRZ', '12670099999', '12690099999', '12580099999', '12695099999']",obs,2.0
2025-04-03 15:00:00,1743685200,16.8,16.8,27.42,-2.1,0.0,0.0,0.0,0.0,,32.4,21.5,50.0,1022.2,19.7,10.9,622.5,2.2,6.0,10.0,Clear,clear-day,"['12575099999', 'EPRZ', '12670099999', '12690099999', '12580099999', '12695099999']",obs,2.0
2025-04-03 16:00:00,1743688800,16.9,16.9,26.25,-2.6,0.0,0.0,0.0,0.0,,24.4,20.0,40.0,1022.0,19.8,10.9,505.8,1.8,5.0,10.0,Clear,clear-day,"['12575099999', 'EPRZ', '12670099999', '12690099999', '12580099999', '12695099999']",obs,2.0
2025-04-03 17:00:00,1743692400,17.0,17.0,30.31,-0.6,0.0,0.0,0.0,0.0,,32.6,14.5,29.0,1022.0,19.8,10.5,339.8,1.2,3.0,10.0,Clear,clear-day,"['12575099999', 'EPRZ', '12670099999', '12690099999', '12580099999', '12695099999']",obs,2.0
2025-04-03 18:00:00,1743696000,16.6,16.6,32.79,0.2,0.0,0.0,0.0,0.0,,15.1,14.6,40.0,1022.0,19.7,10.4,191.8,0.7,2.0,10.0,Clear,clear-day,"['12575099999', 'EPRZ', '12670099999', '12690099999', '12580099999', '12695099999']",obs,2.0
2025-04-03 19:00:00,1743699600,15.0,15.0,35.93,0.0,0.0,0.0,0.0,0.0,,14.1,8.3,41.0,1022.2,19.8,10.3,47.6,0.2,0.0,10.0,Clear,clear-day,"['12575099999', 'EPRZ', '12670099999', '12690099999', '12580099999', '12695099999']",obs,2.0
2025-04-03 20:00:00,1743703200,13.1,13.1,43.48,1.0,0.0,0.0,0.0,0.0,,32.4,7.3,337.0,1022.4,19.6,10.0,0.0,0.0,0.0,10.0,Clear,clear-night,"['12575099999', 'EPRZ', '12670099999', '12690099999', '12580099999', '12695099999']",obs,2.0
2025-04-03 21:00:00,1743706800,10.0,10.0,56.56,1.8,0.0,0.0,0.0,0.0,,13.3,7.3,331.0,1022.8,19.6,7.6,0.0,0.0,0.0,10.0,Clear,clear-night,"['12575099999', 'EPRZ', '12670099999', '12690099999', '12580099999', '12695099999']",obs,2.0
2025-04-03 22:00:00,1743710400,8.3,7.5,63.64,1.8,0.0,0.0,0.0,0.0,,11.2,6.2,225.0,1023.4,12.8,11.5,0.0,0.0,0.0,10.0,Clear,clear-night,"['12575099999', 'EPRZ', '12670099999', '12690099999', '12580099999', '12695099999']",obs,2.0
2025-04-03 23:00:00,1743714000,8.1,7.2,64.06,1.7,0.0,0.0,0.0,0.0,,8.3,6.2,244.0,1022.9,10.3,9.1,0.0,0.0,0.0,10.0,Clear,clear-night,"['12575099999', 'EPRZ', '12670099999', '12690099999', '12580099999', '12695099999']",obs,2.0
2025-04-04 00:00:00,1743717600,6.2,6.2,73.01,1.8,0.0,0.0,0.0,0.0,,5.8,3.6,229.0,1022.8,10.3,1.4,0.0,0.0,0.0,10.0,Clear,clear-night,"['12575099999', 'EPRZ', '12670099999', '12690099999', '12580099999', '12695099999']",obs,2.0
2025-04-04 01:00:00,1743721200,6.0,4.1,74.03,1.7,0.0,0.0,0.0,0.0,,5.0,9.0,231.0,1022.7,10.3,0.0,0.0,0.0,0.0,10.0,Clear,clear-night,"['12575099999', 'EPRZ', '12670099999', '12690099999', '12580099999', '12695099999']",obs,2.0
2025-04-04 02:00:00,1743724800,5.0,3.1,80.02,1.8,0.0,0.0,0.0,0.0,,6.5,8.2,225.0,1022.6,10.3,0.0,0.0,0.0,0.0,10.0,Clear,clear-night,"['12575099999', 'EPRZ', '12670099999', '12690099999', '12580099999', '12695099999']",obs,2.0
2025-04-04 03:00:00,1743728400,4.0,2.2,84.18,1.6,0.0,0.0,0.0,0.0,,9.7,7.3,225.0,1022.6,10.3,0.0,0.0,0.0,0.0,10.0,Clear,clear-night,"['12575099999', 'EPRZ', '12670099999', '12690099999', '12580099999', '12695099999']",obs,2.0
2025-04-04 04:00:00,1743732000,3.3,1.7,85.54,1.1,0.0,0.0,0.0,0.0,,12.2,6.2,230.0,1022.6,10.4,0.0,0.0,0.0,0.0,10.0,Clear,clear-night,"['12575099999', 'EPRZ', '12670099999', '12690099999', '12580099999', '12695099999']",obs,2.0
2025-04-04 05:00:00,1743735600,2.9,0.6,87.28,1.0,0.0,0.0,0.0,0.0,,13.0,8.3,234.0,1022.0,10.4,0.0,0.0,0.0,0.0,10.0,Clear,clear-night,"['12575099999', 'EPRZ', '12670099999', '12690099999', '12580099999', '12695099999']",obs,2.0
2025-04-04 06:00:00,1743739200,2.7,0.1,87.92,0.9,0.0,0.0,0.0,0.0,,12.6,9.2,229.0,1022.0,10.3,0.0,0.0,0.0,0.0,10.0,Clear,clear-night,"['12575099999', 'EPRZ', '12670099999', '12690099999', '12580099999', '12695099999']",obs,2.0
2025-04-04 07:00:00,1743742800,3.3,1.4,90.71,2.0,0.0,0.0,0.0,0.0,,12.6,7.5,245.0,1022.7,14.8,0.0,34.1,0.1,0.0,10.0,Clear,clear-day,"['12575099999', 'EPRZ', '12670099999', '12690099999', '12580099999', '12695099999']",obs,2.0
2025-04-04 08:00:00,1743746400,7.2,5.1,75.69,3.2,0.0,0.0,0.0,0.0,,10.6,10.7,244.0,1022.4,14.8,0.0,165.1,0.6,2.0,10.0,Clear,clear-day,"['12575099999', 'EPRZ', '12670099999', '12690099999', '12580099999', '12695099999']",obs,2.0
2025-04-04 09:00:00,1743750000,10.1,10.1,70.46,4.9,0.0,0.0,0.0,0.0,,19.1,9.9,245.0,1021.6,19.4,0.0,325.4,1.2,3.0,10.0,Clear,clear-day,"['12575099999', 'EPRZ', '12670099999', '12690099999', '12580099999', '12695099999']",obs,2.0
2025-04-04 10:00:00,1743753600,13.2,13.2,62.46,6.2,0.0,0.0,0.0,0.0,,20.9,9.9,252.0,1021.3,19.5,0.0,477.2,1.7,5.0,10.0,Clear,clear-day,"['12575099999', 'EPRZ', '12670099999', '12690099999', '12580099999', '12695099999']",obs,2.0
2025-04-04 11:00:00,1743757200,17.0,17.0,48.28,6.0,0.0,0.0,0.0,0.0,,22.0,10.9,316.0,1020.3,19.6,10.0,599.6,2.2,6.0,10.0,Clear,clear-day,"['12575099999', 'EPRZ', '12670099999', '12690099999', '12580099999', '12695099999']",obs,2.0
2025-04-04 12:00:00,1743760800,18.2,18.2,45.33,6.2,0.0,0.0,0.0,0.0,,24.1,11.8,321.0,1020.0,19.6,40.4,680.0,2.4,7.0,10.0,Partially cloudy,partly-cloudy-day,"['12575099999', 'EPRZ', '12670099999', '12690099999', '12580099999', '12695099999']",obs,2.0
2025-04-04 13:00:00,1743764400,19.1,19.1,37.75,4.3,0.0,0.0,0.0,0.0,['rain'],24.8,9.7,330.0,1019.0,19.8,50.1,707.8,2.5,7.0,10.0,Partially cloudy,partly-cloudy-day,"['12575099999', 'EPRZ', '12670099999', '12690099999', '12580099999', '12695099999']",obs,2.0
2025-04-04 14:00:00,1743768000,19.7,19.7,37.76,4.9,0.0,0.0,0.0,0.0,,24.1,10.0,283.0,1018.0,19.8,40.8,687.6,2.5,7.0,10.0,Partially cloudy,partly-cloudy-day,"['12575099999', 'EPRZ', '12670099999', '12690099999', '12580099999', '12695099999']",obs,2.0
2025-04-04 15:00:00,1743771600,19.5,19.5,37.29,4.6,0.0,0.0,0.0,0.0,,24.1,8.4,313.0,1017.0,19.8,49.7,607.0,2.2,6.0,10.0,Partially cloudy,partly-cloudy-day,"['12575099999', 'EPRZ', '12670099999', '12690099999', '12580099999', '12695099999']",obs,2.0
2025-04-04 16:00:00,1743775200,18.8,18.8,37.63,4.0,0.0,0.0,0.0,0.0,,24.5,12.0,329.0,1016.0,19.8,50.4,332.1,1.2,3.0,10.0,Partially cloudy,partly-cloudy-day,"['12575099999', 'EPRZ', '12670099999', '12690099999', '12580099999', '12695099999']",obs,2.0
2025-04-04 17:00:00,1743778800,19.8,19.8,35.46,4.1,0.0,0.0,0.0,0.0,,20.4,11.2,5.0,1015.0,19.8,49.9,212.4,0.8,2.0,10.0,Partially cloudy,partly-cloudy-day,"['12575099999', 'EPRZ', '12670099999', '12690099999', '12580099999', '12695099999']",obs,2.0
2025-04-04 18:00:00,1743782400,18.8,18.8,37.71,4.0,0.0,0.0,0.0,0.0,,14.0,15.3,286.0,1014.3,19.8,50.9,137.1,0.5,1.0,10.0,Partially cloudy,partly-cloudy-day,"['12575099999', 'EPRZ', '12670099999', '12690099999', '12580099999', '12695099999']",obs,2.0
2025-04-04 19:00:00,1743786000,17.6,17.6,42.66,4.8,0.0,0.0,0.0,0.0,,12.6,7.3,320.0,1014.1,19.8,89.5,35.3,0.1,0.0,10.0,Partially cloudy,partly-cloudy-day,"['12575099999', 'EPRZ', '12670099999', '12690099999', '12580099999', '12695099999']",obs,2.0
2025-04-04 20:00:00,1743789600,16.0,16.0,45.41,4.2,0.005,100.0,0.0,0.0,['rain'],14.5,7.3,300.0,1014.0,19.7,79.1,0.1,0.0,0.0,10.0,"Rain, Partially cloudy",rain,"['12575099999', 'EPRZ', '12670099999', '12690099999', '12580099999', '12695099999']",obs,2.0
2025-04-04 21:00:00,1743793200,12.6,12.6,59.44,4.9,0.0,0.0,0.0,0.0,,13.7,9.9,260.0,1013.4,19.5,78.1,0.0,0.0,0.0,10.0,Partially cloudy,partly-cloudy-night,"['12575099999', 'EPRZ', '12670099999', '12690099999', '12580099999', '12695099999']",obs,2.0
2025-04-04 22:00:00,1743796800,11.3,11.3,65.15,5.0,0.0,0.0,0.0,0.0,,13.3,13.4,255.0,1013.2,19.3,77.4,0.0,0.0,0.0,10.0,Partially cloudy,partly-cloudy-night,"['12575099999', 'EPRZ', '12670099999', '12690099999', '12580099999', '12695099999']",obs,2.0
2025-04-04 23:00:00,1743800400,10.0,10.0,70.74,5.0,0.0,0.0,0.0,0.0,,13.0,10.9,264.0,1012.5,14.8,60.3,0.0,0.0,0.0,10.0,Partially cloudy,partly-cloudy-night,"['12575099999', 'EPRZ', '12670099999', '12690099999', '12580099999', '12695099999']",obs,2.0
2025-04-05 00:00:00,1743804000,8.1,5.9,75.78,4.1,0.0,0.0,0.0,0.0,,13.3,12.5,265.0,1012.3,14.8,40.4,0.0,0.0,0.0,10.0,Partially cloudy,partly-cloudy-night,"['12575099999', 'EPRZ', '12670099999', '12690099999', '12580099999', '12695099999']",obs,2.0
2025-04-05 01:00:00,1743807600,8.0,5.7,77.06,4.3,0.0,0.0,0.0,0.0,,14.8,13.7,247.0,1011.5,14.8,40.9,0.0,0.0,0.0,10.0,Partially cloudy,partly-cloudy-night,"['12575099999', 'EPRZ', '12670099999', '12690099999', '12580099999', '12695099999']",obs,2.0
2025-04-05 02:00:00,1743811200,7.0,4.6,81.66,4.0,0.0,0.0,0.0,0.0,,17.6,12.1,235.0,1010.7,10.4,40.2,0.0,0.0,0.0,10.0,Partially cloudy,partly-cloudy-night,"['12575099999', 'EPRZ', '12670099999', '12690099999', '12580099999', '12695099999']",obs,2.0
2025-04-05 03:00:00,1743814800,6.9,4.7,80.89,3.8,0.0,0.0,0.0,0.0,,24.1,10.9,244.0,1009.8,12.6,50.1,0.0,0.0,0.0,10.0,Partially cloudy,partly-cloudy-night,"['12575099999', 'EPRZ', '12670099999', '12690099999', '12580099999', '12695099999']",obs,2.0
2025-04-05 04:00:00,1743818400,7.0,5.1,81.72,4.1,0.0,0.0,0.0,0.0,,24.8,10.2,240.0,1009.4,14.8,89.9,0.0,0.0,0.0,10.0,Partially cloudy,partly-cloudy-night,"['12575099999', 'EPRZ', '12670099999', '12690099999', '12580099999', '12695099999']",obs,2.0
2025-04-05 05:00:00,1743822000,6.8,4.9,82.21,4.0,0.0,0.0,0.0,0.0,,25.2,9.9,234.0,1008.5,19.3,90.0,0.0,0.0,0.0,10.0,Partially cloudy,partly-cloudy-night,"['12575099999', 'EPRZ', '12670099999', '12690099999', '12580099999', '12695099999']",obs,2.0
2025-04-05 06:00:00,1743825600,7.1,4.4,82.02,4.2,0.0,0.0,0.0,0.0,['rain'],27.0,14.4,238.0,1007.4,19.4,89.7,0.0,0.0,0.0,10.0,Partially cloudy,partly-cloudy-day,"['12575099999', 'EPRZ', '12670099999', '12690099999', '12580099999', '12695099999']",obs,2.0
2025-04-05 07:00:00,1743829200,9.8,7.5,75.01,5.6,0.0,0.0,0.0,0.0,['rain'],32.8,17.0,267.0,1006.7,19.4,55.5,31.3,0.1,0.0,10.0,Partially cloudy,partly-cloudy-day,"['12575099999', 'EPRZ', '12670099999', '12690099999', '12580099999', '12695099999']",obs,2.0
2025-04-05 08:00:00,1743832800,9.0,6.8,72.14,4.3,0.465,100.0,0.0,0.0,['rain'],21.1,14.5,309.0,1006.7,19.4,63.9,139.1,0.5,1.0,10.0,"Rain, Partially cloudy",rain,"['12575099999', 'EPRZ', '12670099999', '12690099999', '12580099999', '12695099999']",obs,2.0
2025-04-05 09:00:00,1743836400,8.8,7.2,76.08,4.8,0.0,0.0,0.0,0.0,['rain'],46.1,10.2,310.0,1007.3,19.2,56.2,220.7,0.8,2.0,10.0,Partially cloudy,partly-cloudy-day,"['12575099999', 'EPRZ', '12670099999', '12690099999', '12580099999', '12695099999']",obs,2.0
2025-04-05 10:00:00,1743840000,7.9,4.4,54.68,-0.6,0.0,0.0,0.0,0.0,,42.7,24.3,310.0,1007.6,19.2,100.0,338.3,1.2,3.0,10.0,Overcast,cloudy,"['12575099999', 'EPRZ', '12670099999', '12690099999', '12580099999', '12695099999']",obs,2.0
2025-04-05 11:00:00,1743843600,7.8,4.3,50.85,-1.7,0.0,0.0,0.0,0.0,['rain'],42.9,23.3,320.0,1007.7,19.3,89.2,363.8,1.3,4.0,10.0,Partially cloudy,partly-cloudy-day,"['12575099999', 'EPRZ', '12670099999', '12690099999', '12580099999', '12695099999']",obs,2.0
2025-04-05 12:00:00,1743847200,8.0,4.4,46.49,-2.8,0.0,0.0,0.0,0.0,,39.6,24.6,331.0,1008.3,19.7,69.0,390.9,1.4,4.0,10.0,Partially cloudy,partly-cloudy-day,"['12575099999', 'EPRZ', '12670099999', '12690099999', '12580099999', '12695099999']",obs,2.0
2025-04-05 13:00:00,1743850800,8.8,5.4,40.14,-4.0,0.0,0.0,0.0,0.0,,42.8,25.2,316.0,1008.3,19.7,69.2,570.6,2.1,6.0,10.0,Partially cloudy,partly-cloudy-day,"['12575099999', 'EPRZ', '12670099999', '12690099999', '12580099999', '12695099999']",obs,2.0
2025-04-05 14:00:00,1743854400,7.8,4.5,40.99,-4.6,0.131,100.0,0.0,0.0,['rain'],49.8,20.9,340.0,1007.8,19.6,89.1,616.0,2.2,6.0,10.0,"Rain, Partially cloudy",rain,"['12575099999', 'EPRZ', '12670099999', '12690099999', '12580099999', '12695099999']",obs,2.0
2025-04-05 15:00:00,1743858000,8.0,4.5,36.69,-6.0,0.0,0.0,0.0,0.0,,46.3,23.7,331.0,1007.7,19.8,88.9,569.1,2.0,6.0,10.0,Partially cloudy,partly-cloudy-day,"['12575099999', 'EPRZ', '12670099999', '12690099999', '12580099999', '12695099999']",obs,2.0
2025-04-05 16:00:00,1743861600,7.9,3.8,33.18,-7.4,0.0,0.0,0.0,0.0,,53.6,30.8,320.0,1007.5,19.8,56.2,400.5,1.4,4.0,10.0,Partially cloudy,partly-cloudy-day,"['12575099999', 'EPRZ', '12670099999', '12690099999', '12580099999', '12695099999']",obs,2.0
2025-04-05 17:00:00,1743865200,6.2,1.7,42.7,-5.5,0.0,0.0,0.0,0.0,,53.9,30.0,321.0,1007.7,19.7,56.2,289.8,1.0,3.0,10.0,Partially cloudy,partly-cloudy-day,"['12575099999', 'EPRZ', '12670099999', '12690099999', '12580099999', '12695099999']",obs,2.0
2025-04-05 18:00:00,1743868800,3.9,-0.4,64.92,-2.1,0.0,0.0,0.0,0.0,,53.8,21.0,301.0,1008.0,19.7,42.1,187.6,0.7,2.0,10.0,Partially cloudy,partly-cloudy-day,"['12575099999', 'EPRZ', '12670099999', '12690099999', '12580099999', '12695099999']",obs,2.0
2025-04-05 19:00:00,1743872400,2.9,-2.7,60.5,-4.0,0.0,0.0,0.0,0.0,,50.2,30.0,316.0,1008.0,19.8,32.6,59.5,0.2,1.0,10.0,Partially cloudy,partly-cloudy-day,"['12575099999', 'EPRZ', '12670099999', '12690099999', '12580099999', '12695099999']",obs,2.0
2025-04-05 20:00:00,1743876000,1.3,-3.8,71.6,-3.3,0.002,100.0,0.0,0.0,"['rain', 'snow']",53.8,21.9,306.0,1008.9,19.8,11.1,0.2,0.0,0.0,10.0,"Snow, Rain",rain,"['12575099999', 'EPRZ', '12670099999', '12690099999', '12580099999', '12695099999']",obs,2.0
2025-04-05 21:00:00,1743879600,1.1,-3.8,69.75,-3.8,0.0,0.0,0.0,0.0,,37.6,20.2,316.0,1008.9,19.8,12.5,0.0,0.0,0.0,10.0,Clear,clear-night,"['12575099999', 'EPRZ', '12670099999', '12690099999', '12580099999', '12695099999']",obs,2.0
2025-04-05 22:00:00,1743883200,0.0,-5.4,87.37,-1.8,0.0,0.0,0.0,0.0,,39.4,21.1,330.0,1009.7,3.0,88.1,0.0,0.0,0.0,10.0,Partially cloudy,partly-cloudy-night,"['12575099999', 'EPRZ', '12670099999', '12690099999', '12580099999', '12695099999']",obs,2.0
2025-04-05 23:00:00,1743886800,1.0,-4.3,75.0,-2.9,0.0,0.0,0.0,0.0,['snow'],38.4,22.4,310.0,1009.0,10.7,89.1,0.0,0.0,0.0,10.0,Partially cloudy,partly-cloudy-night,"['12575099999', 'EPRZ', '12670099999', '12690099999', '12580099999', '12695099999']",obs,2.0
2025-04-06 00:00:00,1743890400,1.0,-4.1,80.37,-2.0,0.0,0.0,0.2,0.2,['snow'],45.0,20.5,320.0,1008.0,10.0,88.0,0.0,0.0,0.0,10.0,Partially cloudy,partly-cloudy-night,['EPRZ'],obs,2.0
2025-04-06 01:00:00,1743894000,1.0,-5.2,80.37,-2.0,0.1,100.0,0.2,0.4,['snow'],48.2,29.5,320.0,1008.0,10.0,100.0,0.0,0.0,0.0,10.0,"Snow, Overcast",snow,['EPRZ'],obs,2.0
2025-04-06 02:00:00,1743897600,0.0,-5.6,86.39,-2.0,0.2,100.0,0.3,0.6,['snow'],49.0,22.3,300.0,1008.0,2.0,100.0,0.0,0.0,0.0,10.0,"Snow, Overcast",snow,['EPRZ'],obs,2.0
2025-04-06 03:00:00,1743901200,-1.0,-7.8,92.92,-2.0,0.3,100.0,0.0,0.8,['snow'],49.3,29.5,310.0,1008.0,1.0,88.0,0.0,0.0,0.0,10.0,"Snow, Partially cloudy",snow,['EPRZ'],obs,2.0
2025-04-06 04:00:00,1743904800,0.0,-6.3,86.39,-2.0,0.4,100.0,0.3,0.3,['snow'],49.0,27.7,330.0,1008.0,4.0,100.0,0.0,0.0,0.0,10.0,"Snow, Overcast",snow,['EPRZ'],obs,2.0
2025-04-06 05:00:00,1743908400,0.0,-6.5,80.22,-3.0,0.4,100.0,0.3,0.6,['snow'],48.6,29.5,330.0,1009.0,10.0,100.0,0.0,0.0,0.0,10.0,"Snow, Overcast",snow,['EPRZ'],obs,2.0
2025-04-06 06:00:00,1743912000,0.0,-6.5,80.22,-3.0,0.3,100.0,0.0,0.6,['snow'],47.9,29.5,330.0,1010.0,10.0,100.0,0.0,0.0,0.0,10.0,"Snow, Overcast",snow,['EPRZ'],obs,2.0
2025-04-06 07:00:00,1743915600,0.0,-6.3,74.45,-4.0,0.1,100.0,0.1,0.6,['snow'],49.0,27.7,330.0,1011.0,10.0,100.0,16.5,0.1,0.0,10.0,"Snow, Overcast",snow,['EPRZ'],obs,2.0
2025-04-06 08:00:00,1743919200,0.0,-5.8,74.45,-4.0,0.0,0.0,0.0,1.3,['snow'],51.8,24.1,320.0,1012.0,10.0,88.0,92.5,0.3,1.0,10.0,Partially cloudy,partly-cloudy-day,['EPRZ'],obs,2.0
2025-04-06 09:00:00,1743922800,0.0,-6.3,69.05,-5.0,0.0,0.0,0.0,1.3,['snow'],50.0,27.7,320.0,1013.0,10.0,88.0,239.7,0.9,2.0,10.0,Partially cloudy,partly-cloudy-day,['EPRZ'],obs,2.0
2025-04-06 10:00:00,1743926400,0.0,-6.3,69.05,-5.0,0.0,0.0,0.0,1.2,['snow'],52.2,27.7,320.0,1014.0,10.0,88.0,378.2,1.4,4.0,10.0,Partially cloudy,partly-cloudy-day,['EPRZ'],obs,2.0
2025-04-06 11:00:00,1743930000,0.0,-6.1,69.05,-5.0,0.1,100.0,0.2,1.0,['snow'],56.5,25.9,320.0,1014.0,10.0,88.0,517.8,1.9,5.0,10.0,"Snow, Partially cloudy",snow,['EPRZ'],obs,2.0
2025-04-06 12:00:00,1743933600,0.0,-6.1,69.05,-5.0,0.0,0.0,0.0,0.9,['snow'],57.6,25.9,310.0,1015.0,10.0,88.0,534.9,1.9,5.0,10.0,Partially cloudy,partly-cloudy-day,['EPRZ'],obs,2.0
2025-04-06 13:00:00,1743937200,0.0,-6.5,74.45,-4.0,0.1,100.0,0.0,0.7,['snow'],57.2,29.5,330.0,1015.0,10.0,88.0,426.7,1.5,4.0,10.0,"Snow, Partially cloudy",snow,['EPRZ'],obs,2.0
2025-04-06 14:00:00,1743940800,1.0,-5.2,59.54,-6.0,0.1,100.0,0.0,0.5,"['rain', 'snow']",55.1,29.5,320.0,1015.0,10.0,88.0,428.1,1.5,4.0,10.0,"Snow, Rain, Partially cloudy",rain,['EPRZ'],obs,2.0
2025-04-06 15:00:00,1743944400,1.0,-5.5,51.05,-8.0,0.0,0.0,0.0,0.4,,56.2,33.5,340.0,1014.0,10.0,88.0,573.3,2.1,6.0,10.0,Partially cloudy,partly-cloudy-day,['EPRZ'],obs,2.0
2025-04-06 16:00:00,1743948000,1.0,-5.0,47.22,-9.0,0.0,0.0,0.0,0.3,,46.4,27.7,320.0,1015.0,10.0,88.0,390.0,1.4,4.0,10.0,Partially cloudy,partly-cloudy-day,['EPRZ'],obs,2.0
2025-04-06 17:00:00,1743951600,2.0,-3.3,43.96,-9.0,0.0,0.0,0.0,0.3,['snow'],51.8,24.1,320.0,1015.0,10.0,88.0,318.7,1.1,3.0,10.0,Partially cloudy,partly-cloudy-day,['EPRZ'],obs,2.0
2025-04-06 18:00:00,1743955200,1.0,-4.8,43.65,-10.0,0.0,0.0,0.0,0.3,['snow'],47.5,25.9,320.0,1015.0,10.0,88.0,193.0,0.7,2.0,10.0,Partially cloudy,partly-cloudy-day,['EPRZ'],obs,2.0
2025-04-06 19:00:00,1743958800,1.0,-2.8,47.22,-9.0,0.0,0.0,0.0,0.3,,41.4,13.0,340.0,1015.0,10.0,50.0,54.5,0.2,1.0,10.0,Partially cloudy,partly-cloudy-day,['EPRZ'],obs,2.0
2025-04-06 20:00:00,1743962400,0.0,-2.6,50.76,-9.0,0.0,0.0,0.0,0.3,,31.7,7.6,340.0,1016.0,10.0,88.0,0.4,0.0,0.0,10.0,Partially cloudy,partly-cloudy-night,['EPRZ'],obs,2.0
2025-04-06 21:00:00,1743966000,0.0,-3.2,50.76,-9.0,0.0,0.0,0.0,0.3,,19.8,9.4,300.0,1016.0,10.0,25.0,0.0,0.0,0.0,10.0,Partially cloudy,partly-cloudy-night,['EPRZ'],obs,2.0
2025-04-06 22:00:00,1743969600,-1.0,-4.4,54.6,-9.0,0.0,0.0,0.0,0.3,,15.5,9.4,290.0,1017.0,10.0,88.0,0.0,0.0,0.0,10.0,Partially cloudy,partly-cloudy-night,['EPRZ'],obs,2.0
2025-04-06 23:00:00,1743973200,-1.0,-4.4,54.6,-9.0,0.0,0.0,0.0,0.3,,14.8,9.4,300.0,1017.0,10.0,25.0,0.0,0.0,0.0,10.0,Partially cloudy,partly-cloudy-night,['EPRZ'],obs,2.0
2025-04-07 00:00:00,1743976800,-1.0,-4.9,54.6,-9.0,0.0,0.0,0.0,0.3,,16.6,11.2,290.0,1016.0,10.0,25.0,0.0,0.0,0.0,10.0,Partially cloudy,partly-cloudy-night,['EPRZ'],obs,2.0
2025-04-07 01:00:00,1743980400,-1.0,-5.6,54.6,-9.0,0.0,0.0,0.0,0.3,,33.5,14.8,300.0,1016.0,10.0,50.0,0.0,0.0,0.0,10.0,Partially cloudy,partly-cloudy-night,['EPRZ'],obs,2.0
2025-04-07 02:00:00,1743984000,-1.0,-5.3,54.6,-9.0,0.0,0.0,0.0,0.0,,18.7,13.0,280.0,1016.0,10.0,25.0,0.0,0.0,0.0,10.0,Partially cloudy,partly-cloudy-night,['EPRZ'],obs,2.0
2025-04-07 03:00:00,1743987600,-1.0,-5.6,50.47,-10.0,0.0,0.0,0.0,0.0,,19.4,14.8,290.0,1016.0,10.0,66.4,0.0,0.0,0.0,10.0,Partially cloudy,partly-cloudy-night,['EPRZ'],obs,2.0
2025-04-07 04:00:00,1743991200,-1.0,-5.3,50.47,-10.0,0.0,0.0,0.0,0.0,,20.2,13.0,280.0,1016.0,10.0,73.7,0.0,0.0,0.0,10.0,Partially cloudy,partly-cloudy-night,['EPRZ'],obs,2.0
2025-04-07 05:00:00,1743994800,-1.0,-5.3,50.47,-10.0,0.0,0.0,0.0,0.0,,20.9,13.0,290.0,1016.0,10.0,92.9,0.0,0.0,0.0,10.0,Overcast,cloudy,['EPRZ'],obs,2.0
2025-04-07 06:00:00,1743998400,-1.0,-6.0,54.6,-9.0,0.0,0.0,0.0,0.0,,21.2,16.6,290.0,1016.0,10.0,93.7,0.0,0.0,0.0,10.0,Overcast,cloudy,['EPRZ'],obs,2.0
2025-04-07 07:00:00,1744002000,-1.0,-5.3,59.02,-8.0,0.0,0.0,0.0,0.0,,23.0,13.0,280.0,1016.0,10.0,55.9,45.4,0.2,0.0,10.0,Partially cloudy,partly-cloudy-day,['EPRZ'],obs,2.0
2025-04-07 08:00:00,1744005600,0.0,-4.7,54.87,-8.0,0.0,0.0,0.0,0.0,,29.9,16.6,310.0,1017.0,10.0,44.4,182.5,0.7,2.0,10.0,Partially cloudy,partly-cloudy-day,['EPRZ'],obs,2.0
2025-04-07 09:00:00,1744009200,0.0,-5.0,64.0,-6.0,0.2,100.0,0.0,0.0,"['rain', 'snow']",37.4,18.4,320.0,1017.0,10.0,25.0,342.2,1.2,3.0,10.0,"Snow, Rain, Partially cloudy",snow,['EPRZ'],obs,2.0
2025-04-07 10:00:00,1744012800,1.0,-4.3,51.05,-8.0,0.1,100.0,0.0,0.0,['snow'],42.5,22.3,320.0,1018.0,10.0,88.0,468.2,1.7,5.0,10.0,"Snow, Partially cloudy",rain,['EPRZ'],obs,2.0
2025-04-07 11:00:00,1744016400,2.0,-2.8,47.52,-8.0,0.0,0.0,0.0,0.0,,42.5,20.5,320.0,1018.0,10.0,50.0,467.1,1.7,5.0,10.0,Partially cloudy,partly-cloudy-day,['EPRZ'],obs,2.0
2025-04-07 12:00:00,1744020000,2.0,-3.3,40.64,-10.0,0.0,0.0,0.0,0.0,,41.0,24.1,290.0,1018.0,10.0,73.0,404.4,1.5,4.0,10.0,Partially cloudy,partly-cloudy-day,['EPRZ'],obs,2.0
2025-04-07 13:00:00,1744023600,3.0,-1.3,34.96,-11.0,0.0,0.0,0.0,0.0,,40.3,18.4,320.0,1018.0,10.0,100.0,448.1,1.6,4.0,10.0,Overcast,cloudy,['EPRZ'],obs,2.0
2025-04-07 14:00:00,1744027200,4.0,-0.3,35.27,-10.0,0.0,0.0,0.0,0.0,,40.7,20.5,340.0,1018.0,10.0,100.0,410.6,1.5,4.0,10.0,Overcast,cloudy,['EPRZ'],obs,2.0
2025-04-07 15:00:00,1744030800,4.0,-0.3,38.15,-9.0,0.0,0.0,0.0,0.0,,41.0,20.5,350.0,1018.0,10.0,50.0,350.9,1.3,4.0,10.0,Partially cloudy,partly-cloudy-day,['EPRZ'],obs,2.0
2025-04-07 16:00:00,1744034400,5.0,0.6,35.58,-9.0,0.0,0.0,0.0,0.0,,40.3,24.1,310.0,1017.0,10.0,50.0,306.5,1.1,3.0,10.0,Partially cloudy,partly-cloudy-day,['EPRZ'],obs,2.0
2025-04-07 17:00:00,1744038000,5.0,0.8,35.58,-9.0,0.0,0.0,0.0,0.0,,38.5,22.3,330.0,1017.0,10.0,50.0,210.7,0.8,2.0,10.0,Partially cloudy,partly-cloudy-day,['EPRZ'],obs,2.0
2025-04-07 18:00:00,1744041600,6.0,2.2,30.68,-10.0,0.0,0.0,0.0,0.0,,34.2,20.5,300.0,1017.0,10.0,25.0,132.5,0.5,1.0,10.0,Partially cloudy,partly-cloudy-day,['EPRZ'],obs,2.0
2025-04-07 19:00:00,1744045200,5.0,2.0,35.58,-9.0,0.0,0.0,0.0,0.0,,27.4,13.0,300.0,1018.0,10.0,85.1,55.0,0.2,1.0,10.0,Partially cloudy,partly-cloudy-day,['EPRZ'],obs,2.0
2025-04-07 20:00:00,1744048800,5.0,2.0,38.46,-8.0,0.0,0.0,0.0,0.0,,16.2,13.0,300.0,1018.0,10.0,69.0,0.6,0.0,0.0,10.0,Partially cloudy,partly-cloudy-night,['EPRZ'],obs,2.0
2025-04-07 21:00:00,1744052400,5.0,2.0,44.85,-6.0,0.0,0.0,0.0,0.0,,20.2,13.0,300.0,1019.0,10.0,61.5,0.0,0.0,0.0,10.0,Partially cloudy,partly-cloudy-night,['EPRZ'],obs,2.0
2025-04-07 22:00:00,1744056000,4.0,0.2,51.9,-5.0,0.0,0.0,0.0,0.0,,19.8,16.6,290.0,1019.0,10.0,75.2,0.0,0.0,0.0,10.0,Partially cloudy,partly-cloudy-night,['EPRZ'],obs,2.0
2025-04-07 23:00:00,1744059600,4.0,0.5,55.96,-4.0,0.0,0.0,0.0,0.0,,19.1,14.8,290.0,1019.0,10.0,94.2,0.0,0.0,0.0,10.0,Overcast,cloudy,['EPRZ'],obs,2.0
2025-04-08 00:00:00,1744063200,4.0,0.2,55.96,-4.0,0.1,100.0,0.0,0.0,['rain'],19.1,16.6,280.0,1019.0,10.0,90.1,0.0,0.0,0.0,10.0,"Rain, Overcast",rain,['EPRZ'],obs,2.0
2025-04-08 01:00:00,1744066800,3.0,-1.0,60.05,-4.0,0.2,100.0,0.0,0.0,['snow'],19.4,16.6,270.0,1019.0,10.0,67.5,0.0,0.0,0.0,10.0,"Snow, Partially cloudy",rain,['EPRZ'],obs,2.0
2025-04-08 02:00:00,1744070400,3.0,-1.3,64.7,-3.0,0.1,100.0,0.2,0.2,['rain'],20.2,18.4,270.0,1019.0,10.0,48.2,0.0,0.0,0.0,10.0,"Rain, Partially cloudy",snow,['EPRZ'],obs,2.0
2025-04-08 03:00:00,1744074000,2.0,-1.2,86.6,0.0,0.2,100.0,0.0,0.2,"['rain', 'snow']",21.6,11.2,300.0,1019.0,10.0,88.0,0.0,0.0,0.0,10.0,"Snow, Rain, Partially cloudy",rain,['EPRZ'],obs,2.0
2025-04-08 04:00:00,1744077600,2.0,-2.3,86.6,0.0,0.1,100.0,0.0,0.2,['snow'],22.7,16.6,270.0,1018.0,10.0,45.7,0.0,0.0,0.0,10.0,"Snow, Partially cloudy",rain,['EPRZ'],obs,2.0
2025-04-08 05:00:00,1744081200,2.0,-2.3,86.6,0.0,0.1,100.0,0.1,0.3,['snow'],24.1,16.6,280.0,1019.0,10.0,88.0,0.0,0.0,0.0,10.0,"Snow, Partially cloudy",snow,['EPRZ'],obs,2.0
2025-04-08 06:00:00,1744084800,2.0,-1.6,86.6,0.0,0.1,100.0,0.2,0.5,['snow'],25.2,13.0,290.0,1019.0,10.0,88.0,0.0,0.0,0.0,10.0,"Snow, Partially cloudy",snow,['EPRZ'],obs,2.0
2025-04-08 07:00:00,1744088400,2.0,-2.3,86.6,0.0,0.4,100.0,0.0,0.5,['snow'],27.7,16.6,290.0,1019.0,10.0,50.0,26.7,0.1,0.0,10.0,"Snow, Partially cloudy",rain,['EPRZ'],obs,2.0
2025-04-08 08:00:00,1744092000,3.0,-1.0,80.65,0.0,0.1,100.0,0.1,0.6,['snow'],29.5,16.6,310.0,1020.0,10.0,100.0,112.4,0.4,1.0,10.0,"Snow, Overcast",snow,['EPRZ'],obs,2.0
2025-04-08 09:00:00,1744095600,4.0,0.2,75.16,0.0,0.1,100.0,0.0,0.5,['snow'],39.2,16.6,320.0,1020.0,10.0,88.0,225.9,0.8,2.0,10.0,"Snow, Partially cloudy",rain,['EPRZ'],obs,2.0
2025-04-08 10:00:00,1744099200,4.0,0.8,75.16,0.0,0.1,100.0,0.1,0.5,['snow'],39.2,13.0,310.0,1020.0,10.0,50.0,286.0,1.0,3.0,10.0,"Snow, Partially cloudy",snow,['EPRZ'],obs,2.0
2025-04-08 11:00:00,1744102800,5.0,1.2,60.55,-2.0,0.2,100.0,0.0,0.4,['snow'],41.8,18.4,320.0,1020.0,10.0,50.0,375.2,1.4,4.0,10.0,"Snow, Partially cloudy",rain,['EPRZ'],obs,2.0
2025-04-08 12:00:00,1744106400,3.0,-1.0,74.99,-1.0,0.2,100.0,0.4,0.4,['snow'],43.9,16.6,330.0,1021.0,10.0,88.0,495.8,1.8,5.0,10.0,"Snow, Partially cloudy",snow,['EPRZ'],obs,2.0
2025-04-08 13:00:00,1744110000,4.0,1.6,60.3,-3.0,0.1,100.0,0.1,0.3,['snow'],45.7,9.4,333.8,1021.0,10.0,88.0,638.5,2.3,6.0,10.0,"Snow, Partially cloudy",snow,['EPRZ'],obs,2.0
2025-04-08 14:00:00,1744113600,6.0,2.2,48.68,-4.0,0.1,100.0,0.0,0.3,['snow'],46.8,20.5,310.0,1020.0,10.0,25.0,569.1,2.0,6.0,10.0,"Snow, Partially cloudy",rain,['EPRZ'],obs,2.0
2025-04-08 15:00:00,1744117200,5.0,1.5,52.18,-4.0,0.1,100.0,0.0,0.2,['snow'],48.2,16.6,340.0,1020.0,10.0,50.0,549.4,2.0,5.0,10.0,"Snow, Partially cloudy",rain,['EPRZ'],obs,2.0
2025-04-08 16:00:00,1744120800,7.0,4.0,39.07,-6.0,0.1,100.0,0.0,0.2,['rain'],46.4,16.6,320.0,1020.0,10.0,64.8,451.3,1.6,5.0,10.0,"Rain, Partially cloudy",rain,['EPRZ'],obs,2.0
2025-04-08 17:00:00,1744124400,7.0,3.0,33.5,-8.0,0.0,0.0,0.0,0.1,,47.2,25.9,320.0,1020.0,10.0,99.0,297.3,1.1,3.0,10.0,Overcast,cloudy,['EPRZ'],obs,2.0
2025-04-08 18:00:00,1744128000,7.0,3.3,33.5,-8.0,0.0,0.0,0.0,0.1,,45.7,22.3,340.0,1019.0,10.0,82.3,153.4,0.6,2.0,10.0,Partially cloudy,partly-cloudy-day,['EPRZ'],obs,2.0
2025-04-08 19:00:00,1744131600,6.0,3.0,35.88,-8.0,0.0,0.0,0.0,0.1,,36.7,14.8,320.0,1020.0,10.0,76.2,59.1,0.2,1.0,10.0,Partially cloudy,partly-cloudy-day,['EPRZ'],obs,2.0
2025-04-08 20:00:00,1744135200,6.0,3.3,38.76,-7.0,0.0,0.0,0.0,0.1,,23.4,13.0,300.0,1020.0,10.0,75.9,0.7,0.0,0.0,10.0,Partially cloudy,partly-cloudy-night,['EPRZ'],obs,2.0
2025-04-08 21:00:00,1744138800,6.0,3.0,41.85,-6.0,0.0,0.0,0.0,0.1,,23.8,14.8,290.0,1020.0,10.0,59.2,0.0,0.0,0.0,10.0,Partially cloudy,partly-cloudy-night,['EPRZ'],obs,2.0
2025-04-08 22:00:00,1744142400,5.0,1.5,44.85,-6.0,0.0,0.0,0.0,0.1,,24.1,16.6,280.0,1019.0,10.0,25.0,0.0,0.0,0.0,10.0,Partially cloudy,partly-cloudy-night,['EPRZ'],obs,2.0
2025-04-08 23:00:00,1744146000,4.0,0.2,51.9,-5.0,0.0,0.0,0.0,0.1,,23.8,16.6,280.0,1019.0,10.0,25.0,0.0,0.0,0.0,10.0,Partially cloudy,partly-cloudy-night,['EPRZ'],obs,2.0
2025-04-09 00:00:00,1744149600,4.0,0.5,51.9,-5.0,0.0,0.0,0.0,0.1,,22.7,14.8,300.0,1019.0,10.0,78.7,0.0,0.0,0.0,10.0,Partially cloudy,partly-cloudy-night,['EPRZ'],obs,2.0
2025-04-09 01:00:00,1744153200,3.0,-0.7,51.62,-6.0,0.0,0.0,0.0,0.1,,22.7,14.8,290.0,1019.0,10.0,64.2,0.0,0.0,0.0,10.0,Partially cloudy,partly-cloudy-night,['EPRZ'],obs,2.0
2025-04-09 02:00:00,1744156800,2.0,-1.2,55.42,-6.0,0.0,0.0,0.0,0.0,,11.9,11.2,300.0,1019.0,10.0,70.3,0.0,0.0,0.0,10.0,Partially cloudy,partly-cloudy-night,['EPRZ'],obs,2.0
2025-04-09 03:00:00,1744160400,0.0,-3.6,64.0,-6.0,0.0,0.0,0.0,0.0,,10.8,11.2,280.0,1018.0,10.0,51.3,0.0,0.0,0.0,10.0,Partially cloudy,partly-cloudy-night,['EPRZ'],obs,2.0
2025-04-09 04:00:00,1744164000,-3.0,-7.7,79.78,-6.0,0.0,0.0,0.0,0.0,,10.8,13.0,270.0,1018.0,10.0,54.2,0.0,0.0,0.0,10.0,Partially cloudy,partly-cloudy-night,['EPRZ'],obs,2.0
2025-04-09 05:00:00,1744167600,-3.0,-8.1,79.78,-6.0,0.0,0.0,0.0,0.0,,10.8,14.8,260.0,1018.0,10.0,62.8,0.0,0.0,0.0,10.0,Partially cloudy,partly-cloudy-night,['EPRZ'],obs,2.0
2025-04-09 06:00:00,1744171200,-2.0,-6.9,79.93,-5.0,0.0,0.0,0.0,0.0,,11.2,14.8,260.0,1018.0,10.0,71.1,0.0,0.0,0.0,10.0,Partially cloudy,partly-cloudy-day,['EPRZ'],obs,2.0
2025-04-09 07:00:00,1744174800,-1.0,-5.3,74.27,-5.0,0.0,0.0,0.0,0.0,,12.2,13.0,260.0,1019.0,10.0,86.9,44.0,0.2,0.0,10.0,Partially cloudy,partly-cloudy-day,['EPRZ'],obs,2.0
2025-04-09 08:00:00,1744178400,1.0,-3.2,59.54,-6.0,0.0,0.0,0.0,0.0,,19.8,14.8,280.0,1019.0,10.0,74.9,166.0,0.6,2.0,10.0,Partially cloudy,partly-cloudy-day,['EPRZ'],obs,2.0
2025-04-09 09:00:00,1744182000,2.0,-1.6,59.79,-5.0,0.0,0.0,0.0,0.0,,23.8,13.0,280.0,1020.0,10.0,74.1,296.0,1.1,3.0,10.0,Partially cloudy,partly-cloudy-day,['EPRZ'],obs,2.0
2025-04-09 10:00:00,1744185600,4.0,0.8,51.9,-5.0,0.0,0.0,0.0,0.0,,24.8,13.0,280.0,1020.0,10.0,68.0,427.0,1.5,4.0,10.0,Partially cloudy,partly-cloudy-day,['EPRZ'],obs,2.0
2025-04-09 11:00:00,1744189200,6.0,2.7,41.85,-6.0,0.0,0.0,0.0,0.0,,27.0,16.6,290.0,1020.0,10.0,25.0,574.0,2.1,6.0,10.0,Partially cloudy,partly-cloudy-day,['EPRZ'],obs,2.0
2025-04-09 12:00:00,1744192800,7.0,4.2,39.07,-6.0,0.0,0.0,0.0,0.0,,27.0,14.8,320.0,1019.0,10.0,25.0,651.0,2.3,7.0,10.0,Partially cloudy,partly-cloudy-day,['EPRZ'],obs,2.0
2025-04-09 13:00:00,1744196400,7.0,3.5,36.18,-7.0,0.0,0.0,0.0,0.0,,28.8,20.5,290.0,1019.0,10.0,4.7,772.0,2.8,8.0,10.0,Clear,clear-day,['EPRZ'],obs,2.0
2025-04-09 14:00:00,1744200000,9.0,6.0,27.04,-9.0,0.0,0.0,0.0,0.0,,31.0,20.5,300.0,1018.0,10.0,4.7,743.0,2.7,7.0,10.0,Clear,clear-day,['EPRZ'],obs,2.0
2025-04-09 15:00:00,1744203600,9.0,5.7,36.79,-5.0,0.0,0.0,0.0,0.0,,33.5,24.1,310.0,1018.0,10.0,31.6,636.0,2.3,6.0,10.0,Partially cloudy,partly-cloudy-day,['EPRZ'],obs,2.0
2025-04-09 16:00:00,1744207200,8.0,4.7,39.37,-5.0,0.0,0.0,0.0,0.0,,37.1,20.5,310.0,1017.0,10.0,86.7,514.0,1.9,5.0,10.0,Partially cloudy,partly-cloudy-day,['EPRZ'],obs,2.0
2025-04-09 17:00:00,1744210800,8.0,5.0,45.74,-3.0,0.0,0.0,0.0,0.0,,39.2,18.4,300.0,1017.0,10.0,25.0,344.0,1.2,3.0,10.0,Partially cloudy,partly-cloudy-day,['EPRZ'],obs,2.0
2025-04-09 18:00:00,1744214400,8.0,5.7,45.74,-3.0,0.0,0.0,0.0,0.0,,33.8,13.0,310.0,1016.0,10.0,89.0,176.0,0.6,2.0,10.0,Partially cloudy,partly-cloudy-day,['EPRZ'],obs,2.0
2025-04-09 19:00:00,1744218000,8.0,5.4,45.74,-3.0,0.0,0.0,0.0,0.0,,26.6,14.8,300.0,1016.0,10.0,100.0,44.0,0.2,0.0,10.0,Overcast,cloudy,['EPRZ'],obs,2.0
2025-04-09 20:00:00,1744221600,7.0,5.1,48.97,-3.0,0.0,0.0,0.0,0.0,,17.6,9.4,290.0,1016.0,10.0,25.0,0.0,0.0,0.0,10.0,Partially cloudy,partly-cloudy-night,['EPRZ'],obs,2.0
2025-04-09 21:00:00,1744225200,7.0,3.3,56.75,-1.0,0.0,0.0,0.0,0.0,,42.5,22.3,290.0,1015.0,10.0,50.0,0.0,0.0,0.0,10.0,Partially cloudy,partly-cloudy-night,['EPRZ'],obs,2.0
2025-04-09 22:00:00,1744228800,7.0,3.3,56.75,-1.0,0.0,0.0,0.0,0.0,,16.9,22.3,270.0,1014.0,10.0,88.0,0.0,0.0,0.0,10.0,Partially cloudy,partly-cloudy-night,['EPRZ'],obs,2.0
2025-04-09 23:00:00,1744232400,5.0,1.0,75.34,1.0,0.0,0.0,0.0,0.0,['rain'],18.0,20.5,290.0,1014.0,10.0,88.0,0.0,0.0,0.0,10.0,Partially cloudy,partly-cloudy-night,['EPRZ'],obs,2.0
2025-04-10 00:00:00,1744236000,4.0,0.2,86.8,2.0,0.2,100.0,0.0,0.0,['rain'],24.5,16.6,280.0,1014.0,7.0,100.0,0.0,0.0,0.0,10.0,"Rain, Overcast",rain,['EPRZ'],obs,2.0
2025-04-10 01:00:00,1744239600,4.0,0.0,86.8,2.0,0.6,100.0,0.0,0.0,['rain'],30.6,18.4,260.0,1012.0,8.0,88.0,0.0,0.0,0.0,10.0,"Rain, Partially cloudy",rain,['EPRZ'],obs,2.0
2025-04-10 02:00:00,1744243200,4.0,0.5,93.19,3.0,1.5,100.0,0.1,0.1,['rain'],34.2,14.8,250.0,1011.0,8.0,88.0,0.0,0.0,0.0,10.0,"Rain, Partially cloudy",snow,['EPRZ'],obs,2.0
2025-04-10 03:00:00,1744246800,4.0,0.2,93.19,3.0,0.0,0.0,0.0,0.1,,33.5,16.6,260.0,1010.0,8.0,100.0,0.0,0.0,0.0,10.0,Overcast,cloudy,['EPRZ'],obs,2.0
2025-04-10 04:00:00,1744250400,2.0,-5.0,86.6,0.0,0.5,100.0,0.1,0.2,['snow'],63.0,42.5,340.0,1010.0,5.0,100.0,0.0,0.0,0.0,10.0,"Snow, Overcast",snow,['EPRZ'],obs,2.0
2025-04-10 05:00:00,1744254000,0.0,-5.6,86.39,-2.0,1.1,100.0,0.3,0.5,['snow'],69.8,22.3,340.0,1012.0,10.0,100.0,0.0,0.0,0.0,10.0,"Snow, Overcast",snow,['EPRZ'],obs,2.0
2025-04-10 06:00:00,1744257600,0.0,-5.6,80.22,-3.0,0.0,0.0,0.0,0.5,['snow'],38.9,22.3,320.0,1013.0,10.0,100.0,0.0,0.0,0.0,10.0,Overcast,cloudy,['EPRZ'],obs,2.0
2025-04-10 07:00:00,1744261200,0.0,-6.1,74.45,-4.0,0.1,100.0,0.0,0.5,"['rain', 'snow']",47.5,25.9,330.0,1014.0,10.0,50.0,51.0,0.2,1.0,10.0,"Snow, Rain, Partially cloudy",snow,['EPRZ'],obs,2.0
2025-04-10 08:00:00,1744264800,0.0,-6.3,69.05,-5.0,0.0,0.0,0.0,0.5,,44.6,27.7,330.0,1016.0,10.0,88.0,226.0,0.8,2.0,10.0,Partially cloudy,partly-cloudy-day,['EPRZ'],obs,2.0
2025-04-10 09:00:00,1744268400,1.0,-4.6,64.24,-5.0,0.0,0.0,0.0,0.5,,47.5,24.1,320.0,1017.0,10.0,50.0,405.0,1.5,4.0,10.0,Partially cloudy,partly-cloudy-day,['EPRZ'],obs,2.0
2025-04-10 10:00:00,1744272000,2.0,-4.1,51.33,-7.0,0.0,0.0,0.0,0.4,,49.3,31.7,320.0,1017.0,10.0,50.0,565.0,2.0,6.0,10.0,Partially cloudy,partly-cloudy-day,['EPRZ'],obs,2.0
2025-04-10 11:00:00,1744275600,2.0,-3.9,51.33,-7.0,0.0,0.0,0.0,0.3,['snow'],54.0,29.5,330.0,1017.0,10.0,88.0,679.0,2.4,7.0,10.0,Partially cloudy,partly-cloudy-day,['EPRZ'],obs,2.0
2025-04-10 12:00:00,1744279200,3.0,-3.1,44.26,-8.0,0.0,0.0,0.0,0.2,,55.1,35.3,350.0,1017.0,10.0,25.0,613.0,2.2,6.0,10.0,Partially cloudy,partly-cloudy-day,['EPRZ'],obs,2.0
2025-04-10 13:00:00,1744282800,4.0,-1.4,38.15,-9.0,0.1,100.0,0.0,0.2,['rain'],55.1,31.7,330.0,1017.0,10.0,25.0,474.0,1.7,5.0,10.0,"Rain, Partially cloudy",rain,['EPRZ'],obs,2.0
2025-04-10 14:00:00,1744286400,4.0,-1.1,44.56,-7.0,0.1,100.0,0.0,0.1,['snow'],49.0,27.7,350.0,1017.0,10.0,50.0,633.0,2.3,6.0,10.0,"Snow, Partially cloudy",rain,['EPRZ'],obs,2.0
2025-04-10 15:00:00,1744290000,5.0,0.2,38.46,-8.0,0.0,0.0,0.0,0.1,['snow'],51.8,27.7,340.0,1017.0,10.0,25.0,471.0,1.7,5.0,10.0,Partially cloudy,partly-cloudy-day,['EPRZ'],obs,2.0
2025-04-10 16:00:00,1744293600,4.0,-1.4,41.24,-8.0,0.1,100.0,0.0,0.1,['snow'],50.0,31.7,330.0,1017.0,10.0,25.0,408.0,1.5,4.0,10.0,"Snow, Partially cloudy",rain,['EPRZ'],obs,2.0
2025-04-10 17:00:00,1744297200,4.0,-0.7,44.56,-7.0,0.0,0.0,0.0,0.0,['snow'],45.7,24.1,330.0,1017.0,10.0,25.0,265.0,1.0,3.0,10.0,Partially cloudy,partly-cloudy-day,['EPRZ'],obs,2.0
2025-04-10 18:00:00,1744300800,3.0,-2.8,51.62,-6.0,0.2,100.0,0.0,0.0,['rain'],43.6,31.7,330.0,1017.0,10.0,88.0,177.0,0.6,2.0,10.0,"Rain, Partially cloudy",rain,['EPRZ'],obs,2.0
2025-04-10 19:00:00,1744304400,3.0,-1.0,55.69,-5.0,0.1,100.0,0.0,0.0,['snow'],43.2,16.6,310.0,1017.0,10.0,88.7,48.0,0.2,0.0,10.0,"Snow, Partially cloudy",rain,['EPRZ'],obs,2.0
2025-04-10 20:00:00,1744308000,2.0,-1.6,59.79,-5.0,0.0,0.0,0.0,0.0,,15.8,13.0,260.0,1017.0,10.0,98.9,0.0,0.0,0.0,10.0,Overcast,cloudy,['EPRZ'],obs,2.0
2025-04-10 21:00:00,1744311600,2.0,-2.0,64.47,-4.0,0.0,0.0,0.0,0.0,,15.8,14.8,260.0,1017.0,10.0,50.0,0.0,0.0,0.0,10.0,Partially cloudy,partly-cloudy-night,['EPRZ'],obs,2.0
2025-04-10 22:00:00,1744315200,2.0,-1.2,64.47,-4.0,0.0,0.0,0.0,0.0,,18.0,11.2,250.0,1016.0,10.0,83.5,0.0,0.0,0.0,10.0,Partially cloudy,partly-cloudy-night,['EPRZ'],obs,2.0
2025-04-10 23:00:00,1744318800,3.0,-0.4,55.69,-5.0,0.0,0.0,0.0,0.0,,19.1,13.0,250.0,1016.0,10.0,91.4,0.0,0.0,0.0,10.0,Overcast,cloudy,['EPRZ'],obs,2.0
2025-04-11 00:00:00,1744322400,3.0,-0.4,51.62,-6.0,0.0,0.0,0.0,0.0,,17.3,13.0,290.0,1016.0,10.0,50.0,0.0,0.0,0.0,10.0,Partially cloudy,partly-cloudy-night,['EPRZ'],obs,2.0
2025-04-11 01:00:00,1744326000,3.0,0.0,51.62,-6.0,0.0,0.0,0.0,0.0,['snow'],11.2,11.2,260.0,1015.0,10.0,92.1,0.0,0.0,0.0,10.0,Overcast,cloudy,['EPRZ'],obs,2.0
2025-04-11 02:00:00,1744329600,3.0,0.4,55.69,-5.0,0.1,100.0,0.2,0.2,['snow'],11.2,9.4,240.0,1014.0,10.0,88.0,0.0,0.0,0.0,10.0,"Snow, Partially cloudy",snow,['EPRZ'],obs,2.0
2025-04-11 03:00:00,1744333200,4.0,0.8,51.9,-5.0,0.1,100.0,0.2,0.4,['snow'],12.2,13.0,260.0,1013.0,10.0,88.0,0.0,0.0,0.0,10.0,"Snow, Partially cloudy",snow,['EPRZ'],obs,2.0
2025-04-11 04:00:00,1744336800,5.0,1.0,48.39,-5.0,0.2,100.0,0.0,0.4,['snow'],12.2,20.5,250.0,1011.0,10.0,88.0,0.0,0.0,0.0,10.0,"Snow, Partially cloudy",rain,['EPRZ'],obs,2.0
2025-04-11 05:00:00,1744340400,3.0,-0.7,86.7,1.0,0.5,100.0,0.0,0.4,['snow'],10.1,14.8,260.0,1011.0,10.0,88.0,0.0,0.0,0.0,10.0,"Snow, Partially cloudy",rain,['EPRZ'],obs,2.0
2025-04-11 06:00:00,1744344000,3.0,0.4,93.14,2.0,1.2,100.0,0.0,0.4,['rain'],13.3,9.4,210.0,1009.0,8.0,88.0,0.0,0.0,0.0,10.0,"Rain, Partially cloudy",rain,['EPRZ'],obs,2.0
2025-04-11 07:00:00,1744347600,4.0,1.2,93.19,3.0,1.6,100.0,0.0,0.4,['rain'],15.5,11.2,230.0,1008.0,10.0,50.0,5.0,0.0,0.0,10.0,"Rain, Partially cloudy",rain,['EPRZ'],obs,2.0
2025-04-11 08:00:00,1744351200,5.0,3.2,93.25,4.0,0.6,100.0,0.0,0.4,['rain'],22.7,7.6,230.0,1008.0,10.0,100.0,19.0,0.1,0.0,10.0,"Rain, Overcast",rain,['EPRZ'],obs,2.0
2025-04-11 09:00:00,1744354800,7.0,3.3,81.21,4.0,0.0,0.0,0.0,0.3,,39.6,22.3,270.0,1008.0,10.0,88.0,128.0,0.5,1.0,10.0,Partially cloudy,partly-cloudy-day,['EPRZ'],obs,2.0
2025-04-11 10:00:00,1744358400,7.0,3.1,81.21,4.0,0.6,100.0,0.0,0.3,['rain'],40.0,24.1,270.0,1008.0,10.0,88.0,124.0,0.4,1.0,10.0,"Rain, Partially cloudy",rain,['EPRZ'],obs,2.0
2025-04-11 11:00:00,1744362000,7.0,3.5,81.21,4.0,0.2,100.0,0.0,0.2,['rain'],36.7,20.5,280.0,1008.0,10.0,88.0,96.0,0.3,1.0,10.0,"Rain, Partially cloudy",rain,['EPRZ'],obs,2.0
2025-04-11 12:00:00,1744365600,7.0,3.0,87.09,5.0,0.2,100.0,0.0,0.2,['rain'],45.4,25.9,280.0,1008.0,5.0,100.0,56.0,0.2,1.0,10.0,"Rain, Overcast",rain,['EPRZ'],obs,2.0
2025-04-11 13:00:00,1744369200,7.0,2.8,87.09,5.0,0.6,100.0,0.0,0.2,['rain'],45.0,27.7,280.0,1008.0,10.0,88.0,61.0,0.2,1.0,10.0,"Rain, Partially cloudy",rain,['EPRZ'],obs,2.0
2025-04-11 14:00:00,1744372800,6.0,2.0,87.0,4.0,0.5,100.0,0.0,0.2,['rain'],38.9,22.3,290.0,1009.0,6.0,88.0,37.0,0.1,0.0,10.0,"Rain, Partially cloudy",rain,['EPRZ'],obs,2.0
2025-04-11 15:00:00,1744376400,7.0,3.3,87.09,5.0,0.0,0.0,0.0,0.1,['rain'],39.2,22.3,280.0,1009.0,10.0,88.0,31.0,0.1,0.0,10.0,Partially cloudy,partly-cloudy-day,['EPRZ'],obs,2.0
2025-04-11 16:00:00,1744380000,7.0,3.5,87.09,5.0,0.3,100.0,0.0,0.1,['rain'],38.5,20.5,290.0,1009.0,10.0,88.0,24.0,0.1,0.0,10.0,"Rain, Partially cloudy",rain,['EPRZ'],obs,2.0
2025-04-11 17:00:00,1744383600,6.0,1.8,87.0,4.0,0.4,100.0,0.0,0.1,['rain'],33.8,24.1,280.0,1010.0,5.0,88.0,17.0,0.1,0.0,10.0,"Rain, Partially cloudy",rain,['EPRZ'],obs,2.0
2025-04-11 18:00:00,1744387200,6.0,2.2,87.0,4.0,0.4,100.0,0.0,0.1,['rain'],32.0,20.5,280.0,1010.0,10.0,100.0,8.0,0.0,0.0,10.0,"Rain, Overcast",rain,['EPRZ'],obs,2.0
2025-04-11 19:00:00,1744390800,5.0,1.5,93.25,4.0,0.2,100.0,0.0,0.1,['rain'],27.7,16.6,280.0,1011.0,4.0,100.0,3.0,0.0,0.0,10.0,"Rain, Overcast",rain,['EPRZ'],obs,2.0
2025-04-11 20:00:00,1744394400,6.0,2.2,93.3,5.0,0.2,100.0,0.0,0.1,['rain'],20.5,20.5,270.0,1011.0,6.0,100.0,0.0,0.0,0.0,10.0,"Rain, Overcast",rain,['EPRZ'],obs,2.0
2025-04-11 21:00:00,1744398000,6.0,2.7,93.3,5.0,0.0,0.0,0.0,0.1,,21.2,16.6,270.0,1012.0,6.0,100.0,0.0,0.0,0.0,10.0,Overcast,cloudy,['EPRZ'],obs,2.0
2025-04-11 22:00:00,1744401600,6.0,2.7,93.3,5.0,0.1,100.0,0.0,0.1,['rain'],24.1,16.6,290.0,1012.0,7.0,100.0,0.0,0.0,0.0,10.0,"Rain, Overcast",rain,['EPRZ'],obs,2.0
2025-04-11 23:00:00,1744405200,6.0,2.7,93.3,5.0,0.1,100.0,0.0,0.0,['rain'],24.8,16.6,290.0,1012.0,6.0,100.0,0.0,0.0,0.0,10.0,"Rain, Overcast",rain,['EPRZ'],obs,2.0
2025-04-12 00:00:00,1744408800,6.0,2.7,100.0,6.0,0.1,100.0,0.0,0.0,['rain'],24.5,16.6,290.0,1013.0,6.0,100.0,0.0,0.0,0.0,10.0,"Rain, Overcast",rain,['EPRZ'],obs,2.0
2025-04-12 01:00:00,1744412400,7.0,4.2,87.09,5.0,0.0,0.0,0.0,0.0,,24.5,14.8,300.0,1013.0,8.0,88.0,0.0,0.0,0.0,10.0,Partially cloudy,partly-cloudy-night,['EPRZ'],obs,2.0
2025-04-12 02:00:00,1744416000,7.0,4.0,87.09,5.0,0.0,0.0,0.0,0.0,['rain'],23.8,16.6,300.0,1013.0,8.0,88.0,0.0,0.0,0.0,10.0,Partially cloudy,partly-cloudy-night,['EPRZ'],obs,2.0
2025-04-12 03:00:00,1744419600,6.0,2.7,93.3,5.0,0.0,0.0,0.0,0.0,,24.1,16.6,290.0,1014.0,7.0,50.0,0.0,0.0,0.0,10.0,Partially cloudy,partly-cloudy-night,['EPRZ'],obs,2.0
2025-04-12 04:00:00,1744423200,5.0,1.5,100.0,5.0,0.0,0.0,0.0,0.0,,20.2,16.6,290.0,1014.0,5.0,88.0,0.0,0.0,0.0,10.0,Partially cloudy,partly-cloudy-night,['EPRZ'],obs,2.0
2025-04-12 05:00:00,1744426800,5.0,1.7,93.25,4.0,0.0,0.0,0.0,0.0,,16.2,14.8,280.0,1014.0,5.0,50.0,0.0,0.0,0.0,10.0,Partially cloudy,partly-cloudy-night,['EPRZ'],obs,2.0
2025-04-12 06:00:00,1744430400,4.0,0.8,93.19,3.0,0.0,0.0,0.0,0.0,,14.4,13.0,280.0,1015.0,3.0,50.0,0.0,0.0,0.0,10.0,Partially cloudy,partly-cloudy-day,['EPRZ'],obs,2.0
2025-04-12 07:00:00,1744434000,4.0,1.2,100.0,4.0,0.0,0.0,0.0,0.0,,15.5,11.2,270.0,1016.0,4.0,50.0,33.0,0.1,0.0,10.0,Partially cloudy,partly-cloudy-day,['EPRZ'],obs,2.0
2025-04-12 08:00:00,1744437600,6.0,3.3,87.0,4.0,0.0,0.0,0.0,0.0,,21.6,13.0,310.0,1016.0,10.0,88.0,167.0,0.6,2.0,10.0,Partially cloudy,partly-cloudy-day,['EPRZ'],obs,2.0
2025-04-12 09:00:00,1744441200,7.0,4.2,81.21,4.0,0.0,0.0,0.0,0.0,,21.6,14.8,330.0,1017.0,10.0,50.0,370.0,1.3,4.0,10.0,Partially cloudy,partly-cloudy-day,['EPRZ'],obs,2.0
2025-04-12 10:00:00,1744444800,9.0,6.7,66.06,3.0,0.0,0.0,0.0,0.0,,20.2,14.8,320.0,1017.0,10.0,50.0,535.0,1.9,5.0,10.0,Partially cloudy,partly-cloudy-day,['EPRZ'],obs,2.0
2025-04-12 11:00:00,1744448400,10.0,8.1,61.77,3.0,0.0,0.0,0.0,0.0,,19.1,13.0,300.0,1017.0,10.0,50.0,642.0,2.3,6.0,10.0,Partially cloudy,partly-cloudy-day,['EPRZ'],obs,2.0
2025-04-12 12:00:00,1744452000,11.0,11.0,57.78,3.0,0.0,0.0,0.0,0.0,,22.3,16.6,300.0,1018.0,10.0,88.0,708.0,2.5,7.0,10.0,Partially cloudy,partly-cloudy-day,['EPRZ'],obs,2.0
2025-04-12 13:00:00,1744455600,12.0,12.0,50.37,2.0,0.0,0.0,0.0,0.0,,23.8,16.6,300.0,1018.0,10.0,50.0,774.0,2.8,8.0,10.0,Partially cloudy,partly-cloudy-day,['EPRZ'],obs,2.0
2025-04-12 14:00:00,1744459200,13.0,13.0,50.65,3.0,0.0,0.0,0.0,0.0,,21.6,9.4,320.0,1017.0,10.0,50.0,749.0,2.7,7.0,10.0,Partially cloudy,partly-cloudy-day,['EPRZ'],obs,2.0
2025-04-12 15:00:00,1744462800,13.0,13.0,50.65,3.0,0.0,0.0,0.0,0.0,,22.3,9.4,300.0,1017.0,10.0,25.0,666.0,2.4,7.0,10.0,Partially cloudy,partly-cloudy-day,['EPRZ'],obs,2.0
2025-04-12 16:00:00,1744466400,14.0,14.0,44.2,2.0,0.0,0.0,0.0,0.0,,20.2,9.4,320.0,1016.0,10.0,50.0,553.0,2.0,6.0,10.0,Partially cloudy,partly-cloudy-day,['EPRZ'],obs,2.0
2025-04-12 17:00:00,1744470000,15.0,15.0,44.49,3.0,0.0,0.0,0.0,0.0,,16.6,7.6,330.0,1016.0,10.0,29.8,407.0,1.5,4.0,10.0,Partially cloudy,partly-cloudy-day,['EPRZ'],obs,2.0
2025-04-12 18:00:00,1744473600,14.0,14.0,44.2,2.0,0.0,0.0,0.0,0.0,,13.3,9.4,300.0,1016.0,10.0,35.5,237.0,0.9,2.0,10.0,Partially cloudy,partly-cloudy-day,['EPRZ'],obs,2.0
2025-04-12 19:00:00,1744477200,12.0,12.0,54.08,3.0,0.0,0.0,0.0,0.0,,11.9,11.2,250.0,1016.0,10.0,8.7,68.0,0.2,1.0,10.0,Clear,clear-day,['EPRZ'],obs,2.0
2025-04-12 20:00:00,1744480800,11.0,11.0,57.78,3.0,0.0,0.0,0.0,0.0,,4.0,3.6,250.0,1016.0,10.0,94.8,0.0,0.0,0.0,10.0,Overcast,cloudy,['EPRZ'],obs,2.0
2025-04-12 21:00:00,1744484400,8.0,8.0,70.69,3.0,0.0,0.0,0.0,0.0,,6.8,3.6,151.4,1016.0,10.0,100.0,0.0,0.0,0.0,10.0,Overcast,cloudy,['EPRZ'],obs,2.0
2025-04-12 22:00:00,1744488000,7.0,7.0,75.68,3.0,0.0,0.0,0.0,0.0,,7.9,1.8,157.9,1016.0,10.0,40.7,0.0,0.0,0.0,10.0,Partially cloudy,partly-cloudy-night,['EPRZ'],obs,2.0
2025-04-12 23:00:00,1744491600,4.0,4.0,93.19,3.0,0.0,0.0,0.0,0.0,,8.6,1.8,156.5,1016.0,10.0,0.0,0.0,0.0,0.0,10.0,Clear,clear-night,['EPRZ'],obs,2.0
2025-04-13 00:00:00,1744495200,5.0,5.0,86.9,3.0,0.0,0.0,0.0,0.0,,8.3,1.8,149.7,1015.0,8.0,0.0,0.0,0.0,0.0,10.0,Clear,clear-night,['EPRZ'],obs,2.0
2025-04-13 01:00:00,1744498800,3.0,0.9,93.14,2.0,0.0,0.0,0.0,0.0,,8.6,7.6,90.0,1015.0,7.0,0.0,0.0,0.0,0.0,10.0,Clear,clear-night,['EPRZ'],obs,2.0
2025-04-13 02:00:00,1744502400,3.0,0.9,93.14,2.0,0.0,0.0,0.0,0.0,,8.6,7.6,100.0,1015.0,7.0,69.2,0.0,0.0,0.0,10.0,Partially cloudy,partly-cloudy-night,['EPRZ'],obs,2.0
2025-04-13 03:00:00,1744506000,2.0,0.5,100.0,2.0,0.0,0.0,0.0,0.0,,9.4,5.4,100.0,1014.0,6.0,7.9,0.0,0.0,0.0,10.0,Clear,clear-night,['EPRZ'],obs,2.0
2025-04-13 04:00:00,1744509600,2.0,2.0,93.08,1.0,0.0,0.0,0.0,0.0,,10.1,3.6,70.0,1014.0,7.0,0.0,0.0,0.0,0.0,10.0,Clear,clear-night,['EPRZ'],obs,2.0
2025-04-13 05:00:00,1744513200,1.0,1.0,100.0,1.0,0.0,0.0,0.0,0.0,,11.2,3.6,70.0,1015.0,7.0,0.0,0.0,0.0,0.0,10.0,Clear,clear-night,['EPRZ'],obs,2.0
2025-04-13 06:00:00,1744516800,2.0,0.5,93.08,1.0,0.0,0.0,0.0,0.0,,13.7,5.4,80.0,1015.0,8.0,0.0,1.0,0.0,0.0,10.0,Clear,clear-day,['EPRZ'],obs,2.0
2025-04-13 07:00:00,1744520400,4.0,4.0,86.8,2.0,0.0,0.0,0.0,0.0,,15.1,3.6,70.0,1015.0,8.0,0.0,69.0,0.2,1.0,10.0,Clear,clear-day,['EPRZ'],obs,2.0
2025-04-13 08:00:00,1744524000,8.0,8.0,75.85,4.0,0.0,0.0,0.0,0.0,,24.8,3.6,191.8,1015.0,10.0,0.0,228.0,0.8,2.0,10.0,Clear,clear-day,['EPRZ'],obs,2.0
2025-04-13 09:00:00,1744527600,13.0,13.0,54.35,4.0,0.0,0.0,0.0,0.0,,29.2,20.5,180.0,1015.0,10.0,0.0,396.0,1.4,4.0,10.0,Clear,clear-day,['EPRZ'],obs,2.0
2025-04-13 10:00:00,1744531200,14.0,14.0,54.61,5.0,0.0,0.0,0.0,0.0,,34.9,22.3,210.0,1015.0,10.0,0.5,550.0,2.0,6.0,10.0,Clear,clear-day,['EPRZ'],obs,2.0
2025-04-13 11:00:00,1744534800,16.0,16.0,48.02,5.0,0.0,0.0,0.0,0.0,,38.2,29.5,190.0,1014.0,10.0,0.0,671.0,2.4,7.0,10.0,Clear,clear-day,['EPRZ'],obs,2.0
2025-04-13 12:00:00,1744538400,17.0,17.0,42.01,4.0,0.0,0.0,0.0,0.0,,41.8,29.5,190.0,1014.0,10.0,0.0,749.0,2.7,7.0,10.0,Clear,clear-day,['EPRZ'],obs,2.0
2025-04-13 13:00:00,1744542000,18.0,18.0,42.3,5.0,0.0,0.0,0.0,0.0,,44.3,25.9,190.0,1014.0,10.0,0.0,777.0,2.8,8.0,10.0,Clear,clear-day,['EPRZ'],obs,2.0
2025-04-13 14:00:00,1744545600,18.0,18.0,39.44,4.0,0.0,0.0,0.0,0.0,,37.4,29.5,200.0,1013.0,10.0,0.0,752.0,2.7,8.0,10.0,Clear,clear-day,['EPRZ'],obs,2.0
2025-04-13 15:00:00,1744549200,19.0,19.0,39.73,5.0,0.0,0.0,0.0,0.0,,38.9,27.7,200.0,1013.0,10.0,0.0,678.0,2.4,7.0,10.0,Clear,clear-day,['EPRZ'],obs,2.0
2025-04-13 16:00:00,1744552800,19.0,19.0,39.73,5.0,0.0,0.0,0.0,0.0,,36.4,24.1,190.0,1012.0,10.0,8.3,560.0,2.0,6.0,10.0,Clear,clear-day,['EPRZ'],obs,2.0
2025-04-13 17:00:00,1744556400,18.0,18.0,42.3,5.0,0.0,0.0,0.0,0.0,,36.0,25.9,180.0,1012.0,10.0,10.3,402.0,1.4,4.0,10.0,Clear,clear-day,['EPRZ'],obs,2.0
2025-04-13 18:00:00,1744560000,18.0,18.0,42.3,5.0,0.0,0.0,0.0,0.0,,34.9,18.4,180.0,1012.0,10.0,59.6,229.0,0.8,2.0,10.0,Partially cloudy,partly-cloudy-day,['EPRZ'],obs,2.0
2025-04-13 19:00:00,1744563600,16.0,16.0,44.77,4.0,0.0,0.0,0.0,0.0,,29.9,14.8,170.0,1012.0,10.0,100.0,75.0,0.3,1.0,10.0,Overcast,cloudy,['EPRZ'],obs,2.0
2025-04-13 20:00:00,1744567200,15.0,15.0,51.19,5.0,0.0,0.0,0.0,0.0,,19.4,11.2,170.0,1012.0,10.0,100.0,0.0,0.0,0.0,10.0,Overcast,cloudy,['EPRZ'],obs,2.0
2025-04-13 21:00:00,1744570800,15.0,15.0,51.19,5.0,0.0,0.0,0.0,0.0,,19.4,13.0,170.0,1012.0,10.0,100.0,0.0,0.0,0.0,10.0,Overcast,cloudy,['EPRZ'],obs,2.0
2025-04-13 22:00:00,1744574400,14.0,14.0,50.92,4.0,0.0,0.0,0.0,0.0,,17.6,11.2,190.0,1012.0,10.0,100.0,0.0,0.0,0.0,10.0,Overcast,cloudy,['EPRZ'],obs,2.0
2025-04-13 23:00:00,1744578000,14.0,14.0,50.92,4.0,0.0,0.0,0.0,0.0,,15.8,13.0,210.0,1012.0,10.0,100.0,0.0,0.0,0.0,10.0,Overcast,cloudy,['EPRZ'],obs,2.0
2025-04-14 00:00:00,1744581600,14.0,14.0,54.61,5.0,0.0,0.0,0.0,0.0,,14.4,9.4,200.0,1012.0,10.0,100.0,0.0,0.0,0.0,10.0,Overcast,cloudy,['EPRZ'],obs,2.0
2025-04-14 01:00:00,1744585200,14.0,14.0,54.61,5.0,0.0,0.0,0.0,0.0,,14.4,13.0,190.0,1012.0,10.0,100.0,0.0,0.0,0.0,10.0,Overcast,cloudy,['EPRZ'],obs,2.0
2025-04-14 02:00:00,1744588800,14.0,14.0,54.61,5.0,0.3,100.0,0.0,0.0,['rain'],15.8,7.6,220.0,1012.0,10.0,91.7,0.0,0.0,0.0,10.0,"Rain, Overcast",rain,['EPRZ'],obs,2.0
2025-04-14 03:00:00,1744592400,13.0,13.0,58.29,5.0,0.0,0.0,0.0,0.0,['rain'],16.9,3.6,190.0,1012.0,10.0,97.6,0.0,0.0,0.0,10.0,Overcast,cloudy,['EPRZ'],obs,2.0
2025-04-14 04:00:00,1744596000,13.0,13.0,58.29,5.0,0.0,0.0,0.0,0.0,['rain'],15.1,3.6,180.8,1012.0,10.0,91.0,0.0,0.0,0.0,10.0,Overcast,cloudy,['EPRZ'],obs,2.0
2025-04-14 05:00:00,1744599600,13.0,13.0,62.47,6.0,0.0,0.0,0.0,0.0,,14.8,7.6,210.0,1012.0,10.0,90.7,0.0,0.0,0.0,10.0,Overcast,cloudy,['EPRZ'],obs,2.0
2025-04-14 06:00:00,1744603200,13.0,13.0,62.47,6.0,0.0,0.0,0.0,0.0,,16.2,7.6,210.0,1013.0,10.0,98.7,0.0,0.0,0.0,10.0,Overcast,cloudy,['EPRZ'],obs,2.0
2025-04-14 07:00:00,1744606800,13.0,13.0,66.92,7.0,0.0,0.0,0.0,0.0,,19.8,7.6,210.0,1013.0,10.0,100.0,7.0,0.0,0.0,10.0,Overcast,cloudy,['EPRZ'],obs,2.0
2025-04-14 08:00:00,1744610400,14.0,14.0,62.7,7.0,0.0,0.0,0.0,0.0,,19.4,9.4,180.0,1013.0,10.0,100.0,37.0,0.1,0.0,10.0,Overcast,cloudy,['EPRZ'],obs,2.0
2025-04-14 09:00:00,1744614000,14.0,14.0,62.7,7.0,0.0,0.0,0.0,0.0,,25.6,9.4,180.0,1013.0,10.0,88.5,109.0,0.4,1.0,10.0,Partially cloudy,partly-cloudy-day,['EPRZ'],obs,2.0
2025-04-14 10:00:00,1744617600,15.0,15.0,62.93,8.0,0.0,0.0,0.0,0.0,,35.6,16.6,200.0,1014.0,10.0,88.4,163.0,0.6,2.0,10.0,Partially cloudy,partly-cloudy-day,['EPRZ'],obs,2.0
2025-04-14 11:00:00,1744621200,16.0,16.0,55.13,7.0,0.0,0.0,0.0,0.0,,41.4,24.1,200.0,1014.0,10.0,89.4,250.0,0.9,3.0,10.0,Partially cloudy,partly-cloudy-day,['EPRZ'],obs,2.0
2025-04-14 12:00:00,1744624800,17.0,17.0,51.73,7.0,0.0,0.0,0.0,0.0,,44.6,25.9,200.0,1014.0,10.0,70.8,207.0,0.7,2.0,10.0,Partially cloudy,partly-cloudy-day,['EPRZ'],obs,2.0
2025-04-14 13:00:00,1744628400,17.0,17.0,51.73,7.0,0.0,0.0,0.0,0.0,,42.5,31.7,190.0,1014.0,10.0,80.1,534.0,1.9,5.0,10.0,Partially cloudy,partly-cloudy-day,['EPRZ'],obs,2.0
2025-04-14 14:00:00,1744632000,18.0,18.0,48.57,7.0,0.0,0.0,0.0,0.0,,43.2,33.5,200.0,1014.0,10.0,74.2,694.0,2.5,7.0,10.0,Partially cloudy,partly-cloudy-day,['EPRZ'],obs,2.0
2025-04-14 15:00:00,1744635600,18.0,18.0,52.0,8.0,0.0,0.0,0.0,0.0,,43.6,31.7,170.0,1014.0,10.0,72.8,662.0,2.4,7.0,10.0,Partially cloudy,partly-cloudy-day,['EPRZ'],obs,2.0
2025-04-14 16:00:00,1744639200,18.0,18.0,48.57,7.0,0.0,0.0,0.0,0.0,,42.5,27.7,180.0,1014.0,10.0,82.9,546.0,2.0,5.0,10.0,Partially cloudy,partly-cloudy-day,['EPRZ'],obs,2.0
2025-04-14 17:00:00,1744642800,19.0,19.0,48.84,8.0,0.0,0.0,0.0,0.0,,42.1,25.9,170.0,1014.0,10.0,81.6,376.0,1.4,4.0,10.0,Partially cloudy,partly-cloudy-day,['EPRZ'],obs,2.0
2025-04-14 18:00:00,1744646400,17.0,17.0,55.39,8.0,0.0,0.0,0.0,0.0,,38.9,25.9,190.0,1015.0,10.0,94.7,210.0,0.8,2.0,10.0,Overcast,cloudy,['EPRZ'],obs,2.0
2025-04-14 19:00:00,1744650000,16.0,16.0,59.03,8.0,0.0,0.0,0.0,0.0,,34.2,16.6,180.0,1015.0,10.0,72.5,72.0,0.3,1.0,10.0,Partially cloudy,partly-cloudy-day,['EPRZ'],obs,2.0
2025-04-14 20:00:00,1744653600,14.0,14.0,67.14,8.0,0.0,0.0,0.0,0.0,,23.0,13.0,160.0,1015.0,10.0,45.9,0.0,0.0,0.0,10.0,Partially cloudy,partly-cloudy-night,['EPRZ'],obs,2.0
2025-04-14 21:00:00,1744657200,14.0,14.0,67.14,8.0,0.0,0.0,0.0,0.0,,23.4,9.4,170.0,1016.0,10.0,60.2,0.0,0.0,0.0,10.0,Partially cloudy,partly-cloudy-night,['EPRZ'],obs,2.0
2025-04-14 22:00:00,1744660800,13.0,13.0,71.65,8.0,0.0,0.0,0.0,0.0,,22.7,11.2,160.0,1016.0,10.0,100.0,0.0,0.0,0.0,10.0,Overcast,cloudy,['EPRZ'],obs,2.0
2025-04-14 23:00:00,1744664400,12.0,12.0,76.51,8.0,0.0,0.0,0.0,0.0,,20.9,9.4,120.0,1016.0,10.0,100.0,0.0,0.0,0.0,10.0,Overcast,cloudy,['EPRZ'],obs,2.0
2025-04-15 00:00:00,1744668000,12.0,12.0,76.51,8.0,0.0,0.0,0.0,0.0,,19.1,18.4,120.0,1015.0,10.0,100.0,0.0,0.0,0.0,10.0,Overcast,cloudy,['EPRZ'],obs,2.0
2025-04-15 01:00:00,1744671600,12.0,12.0,76.51,8.0,0.0,0.0,0.0,0.0,,16.9,11.2,150.0,1015.0,10.0,100.0,0.0,0.0,0.0,10.0,Overcast,cloudy,['EPRZ'],obs,2.0
2025-04-15 02:00:00,1744675200,12.0,12.0,76.51,8.0,0.0,0.0,0.0,0.0,,12.6,9.4,100.0,1015.0,10.0,97.2,0.0,0.0,0.0,10.0,Overcast,cloudy,['EPRZ'],obs,2.0
2025-04-15 03:00:00,1744678800,11.0,11.0,81.74,8.0,0.0,0.0,0.0,0.0,,13.3,11.2,90.0,1014.0,10.0,100.0,0.0,0.0,0.0,10.0,Overcast,cloudy,['EPRZ'],obs,2.0
2025-04-15 04:00:00,1744682400,11.0,11.0,81.74,8.0,0.0,0.0,0.0,0.0,,11.9,14.8,100.0,1014.0,10.0,100.0,0.0,0.0,0.0,10.0,Overcast,cloudy,['EPRZ'],obs,2.0
2025-04-15 05:00:00,1744686000,10.0,8.1,87.38,8.0,0.0,0.0,0.0,0.0,,12.2,13.0,90.0,1014.0,10.0,100.0,0.0,0.0,0.0,10.0,Overcast,cloudy,['EPRZ'],obs,2.0
2025-04-15 06:00:00,1744689600,10.0,7.9,87.38,8.0,0.0,0.0,0.0,0.0,,11.9,14.8,80.0,1013.0,10.0,100.0,1.0,0.0,0.0,10.0,Overcast,cloudy,['EPRZ'],obs,2.0
2025-04-15 07:00:00,1744693200,11.0,11.0,81.74,8.0,0.0,0.0,0.0,0.0,,13.7,14.8,80.0,1014.0,10.0,100.0,56.0,0.2,1.0,10.0,Overcast,cloudy,['EPRZ'],obs,2.0
2025-04-15 08:00:00,1744696800,12.0,12.0,76.51,8.0,0.0,0.0,0.0,0.0,,15.8,16.6,110.0,1013.0,10.0,100.0,121.0,0.4,1.0,10.0,Overcast,cloudy,['EPRZ'],obs,2.0
2025-04-15 09:00:00,1744700400,12.0,12.0,76.51,8.0,0.1,100.0,0.0,0.0,['rain'],20.9,18.4,100.0,1013.0,10.0,97.7,123.0,0.4,1.0,10.0,"Rain, Overcast",rain,['EPRZ'],obs,2.0
2025-04-15 10:00:00,1744704000,13.0,13.0,82.0,10.0,0.2,100.0,0.0,0.0,['rain'],24.8,13.0,110.0,1014.0,10.0,25.0,38.0,0.1,0.0,10.0,"Rain, Partially cloudy",rain,['EPRZ'],obs,2.0
2025-04-15 11:00:00,1744707600,14.0,14.0,76.83,10.0,0.3,100.0,0.0,0.0,['rain'],25.6,16.6,140.0,1014.0,10.0,88.0,76.0,0.3,1.0,10.0,"Rain, Partially cloudy",rain,['EPRZ'],obs,2.0
2025-04-15 12:00:00,1744711200,13.9,13.9,79.43,10.4,0.4,100.0,0.0,0.0,['rain'],25.6,13.0,150.8,1014.0,9.3,99.1,43.0,0.2,0.0,10.0,"Rain, Overcast",rain,['remote'],obs,2.0
